nombre,categoria,precio
ABVSOLUT REPAIR LIPIDIUM SERUM 50ML,Coloración,0
AGUA OXIGENADA 10VOL INOVACION NO,Coloración,0
AGUA OXIGENADA 20VOL INOVACION NO,Coloración,0
AGUA OXIGENADA 20VOL L´OREAL,Coloración,0
AGUA OXIGENADA 30VOL INOVACION NO,Coloración,0
AGUA OXIGENADA 30VOL L´OREAL,Coloración,0
AGUA OXIGENADA 30VOL REVLON,Coloración,0
AGUA OXIGENADA 40VOL L´OREAL,Coloración,0
AGUA OXIGENADA 40VOL REVLON,Coloración,0
AZUL 100 REVLON,Coloración,0
BEIGE CENIZA 8.13 L´OREAL,Coloración,0
BEIGE DORADO 8.31 L´OREAL,Coloración,0
BLOND STUDIO MULTI TECHNI CREMA DECOLORANTE,Coloración,0
BLUSH BLOND B14 7.12 L´OREAL,Coloración,0
BLUSH BLOND B14 9.21 L´OREAL,Coloración,0
BORGONA PROFUNDO 2.20 REVLON,Coloración,0
CASTANO 4 INOVACION NO,Coloración,0
CASTANO 4 L´OREAL,Coloración,0
CASTANO 4 L´OREAL,Coloración,0
CASTANO C. CENIZA 5.1 REVLON,Coloración,0
CASTANO CAOBA 4.5 REVLON,Coloración,0
"CASTANO CAOBA CENIZA 4,51 INOVACION NO",Coloración,0
CASTANO CLARO 5 INOVACION NO,Coloración,0
CASTANO CLARO 5 L´OREAL,Coloración,0
CASTANO CLARO 5 L´OREAL,Coloración,0
CASTANO CLARO 5 REVLON,Coloración,0
CASTANO CLARO 5 REVLON,Coloración,0
CASTANO CLARO 5SN REVLON,Coloración,0
CASTANO CLARO BORGONA 5.20 REVLON,Coloración,0
"CASTANO CLARO CAOBA 5,5 REVLON",Coloración,0
"CASTANO CLARO CENIZA IRISADO 5,12 INOVACION NO",Coloración,0
"CASTANO CLARO CENIZA PROFUNDO 5,11 L´OREAL",Coloración,0
CASTANO CLARO DORAD0 5.3 REVLON,Coloración,0
CASTANO CLARO DORADO 5.3 INOVACION NO,Coloración,0
CASTANO CLARO DORADO 5.3 L´OREAL,Coloración,0
"CASTANO CLARO DORADO CAOBA 5,35 INOVACION NO",Coloración,0
"CASTANO CLARO DORADO CENIZA 5,31 REVLON",Coloración,0
CASTANO CLARO DORADO COBRIZO 5.34 REVLON,Coloración,0
CASTANO CLARO DORADO IRISADO,Coloración,0
CASTANO CLARO DORADO PROFUNDO 5.33 REVLON,Coloración,0
CASTANO CLARO MARRON ESCARCHADO 5.14 REVLON,Coloración,0
CASTANO CLARO MARRON PROFUNDO 5.41 REVLON,Coloración,0
CASTANO CLARO MOKA 5.8 L´OREAL,Coloración,0
CASTANO CLARO PERLADO 5.12 REVLON,Coloración,0
CASTANO CLARO PERLADO COBRIZO 5.24 REVLON,Coloración,0
"CASTANO CLARO PROFUNDO 5,0 L´OREAL",Coloración,0
CASTANO CLARO ROJIZO CAOBA 5.65 REVLON,Coloración,0
CASTANO CLARO ROJO CAOBA 5.64 REVLON,Coloración,0
CASTANO CLARO ROJO COBRIZO 5.64 REVLON,Coloración,0
"CASTANO CLARO ROJO INTENSO C5,60 L´OREAL",Coloración,0
CASTANO CLARO ROJO IRISADO 5.62 REVLON,Coloración,0
"CASTANO DORADO 4,3 INOVACION NO",Coloración,0
"CASTANO DORADO CAOBA 4,35",Coloración,0
CASTANO MARRON PROFUND. 4.41 REVLON,Coloración,0
CASTANO MEDIO 4.31 REVLON,Coloración,0
CASTANO MEDIO DORADO 4.3 REVLON,Coloración,0
CASTANO MOKA 4.8 L´OREAL,Coloración,0
CASTANO OSCURO 3 L´OREAL,Coloración,0
CASTANO OSCURO 3 L´OREAL,Coloración,0
CASTANO OSCURO ROJIZO IRIZE REVLON,Coloración,0
CENIZA EXTRA ACLARANTE 1010 SILKEY PROFESIONAL,Coloración,0
COOL COVER 9.1 L´OREAL,Coloración,0
CREMA DECOLORANTE SILKEY PROFESIONAL,Coloración,0
CREMA OXIDANTE 20V REVLON,Coloración,0
CREMA OXIDANTE 20V SILKEY PROFESIONAL,Coloración,0
CREME PROXIDE VOL20 900ML REVLON,Coloración,0
DIA LIGTH CENDRE 7.00 RUBIO CENIZA,Coloración,0
DIA LIHT 10.12 L´OREAL,Coloración,0
DIA RICHESE 7.13,Coloración,0
DORADO 300 REVLON,Coloración,0
"DORADO IRISADO 5,32 REVLON",Coloración,0
EVOLUTION 10NB RUBIO EXTRA CLARO ALFAPARF MILANO,Coloración,0
GRIS BRONCE 0.17 REVLON,Coloración,0
GRIS IRISADO 0.12 REVLON,Coloración,0
HIGH LIFT ASH + CENIZA OSCURO L´OREAL,Coloración,0
HIGH LIFT ASH CENIZA L´OREAL,Coloración,0
HIGH LIFT BEIGE L´OREAL,Coloración,0
HIGH LIFT NEUTRAL L´OREAL,Coloración,0
HIGH LIFT VIOLETA L´OREAL,Coloración,0
INOA 3 INOVACION NO,Coloración,0
INOA 8.3 INOVACION NO,Coloración,0
IRISADO 1022 MN REVLON,Coloración,0
MAJIREL 6,Coloración,0
MAJIREL 6.45 L´OREAL,Coloración,0
MAJIREL 8.2,Coloración,0
MAJIREL 8.3 REVLON,Coloración,0
MAJIREL 8.34 REVLON,Coloración,0
MAJIREL METAL 11 50ML,Coloración,0
MAJIREL METAL 11 50ML,Coloración,0
MAJIREL METAL 13 50ML,Coloración,0
MAJIREL METAL 21 50ML,Coloración,0
MARRON CAFE 5.32 L´OREAL,Coloración,0
MARRON FIELTRO 6.13 L´OREAL,Coloración,0
MARRON GIANDUJA 6.23 L´OREAL,Coloración,0
MILK SHAKE NACARADO 9.02 L´OREAL,Coloración,0
MILKSHAKE CENIZA PROFUNDO 9.11 L´OREAL,Coloración,0
MOKA CARAMELO 6.8 L´OREAL,Coloración,0
MORENO 2 INOVACION NO,Coloración,0
MYTHIC OIL SHAMPOO P/ CABELLOS GRUESOS,Coloración,0
NATURAL EXTRA ACLARANTE 1000 SILKEY PROFESIONAL,Coloración,0
NEGRO 1 INOVACION NO,Coloración,0
NEGRO 1 L´OREAL,Coloración,0
NEGRO 1 REVLON,Coloración,0
NEGRO AZULADO 2.10 REVLON,Coloración,0
PLATINO 1002 REVLON,Coloración,0
REVELADOR 15 VOL 1000ML L´OREAL,Coloración,0
REVELADOR 6 VOL 1000ML L´OREAL,Coloración,0
REVELADOR 9VOL L´OREAL,Coloración,0
ROJO COBRIZO INTENSO 66.64 REVLON,Coloración,0
ROJO OSCURO INTENSO 55.60 REVLON,Coloración,0
RP COLORMESTIQUE 6.41,Coloración,0
RP CREME PEROXIDE 20VOL,Coloración,0
RUBIO 7 INOVACION NO,Coloración,0
RUBIO 7 L´OREAL,Coloración,0
RUBIO 7 L´OREAL,Coloración,0
RUBIO 7 REVLON,Coloración,0
RUBIO 7 REVLON,Coloración,0
RUBIO 7SN REVLON,Coloración,0
RUBIO AVELLANA 7.41 REVLON,Coloración,0
RUBIO BEIGE 7.31 REVLON,Coloración,0
RUBIO BEIGE PERLADO 7.12 REVLON,Coloración,0
"RUBIO CENIZA 7,1 INOVACION NO",Coloración,0
"RUBIO CENIZA 7,1 L´OREAL",Coloración,0
RUBIO CENIZA 7.1 L´OREAL,Coloración,0
RUBIO CENIZA 7.1 REVLON,Coloración,0
"RUBIO CENIZA DORADO 7,13 INOVACION NO",Coloración,0
"RUBIO CENIZA DORADO 7,13 REVLON",Coloración,0
RUBIO CENIZA FRIO 7.17 L´OREAL,Coloración,0
RUBIO CENIZA NATURAL 7.01 REVLON,Coloración,0
"RUBIO CENIZA PROFUNDO 7,11 L´OREAL",Coloración,0
RUBIO CENIZA PROFUNDO 7.11 L´OREAL,Coloración,0
RUBIO CLARISIMO 10 REVLON,Coloración,0
RUBIO CLARO 7.23 L´OREAL,Coloración,0
RUBIO CLARO 8 INOVACION NO,Coloración,0
RUBIO CLARO 8 L´OREAL,Coloración,0
RUBIO CLARO 8 L´OREAL,Coloración,0
RUBIO CLARO 8 L´OREAL,Coloración,0
RUBIO CLARO 8 REVLON,Coloración,0
RUBIO CLARO 8.42 REVLON,Coloración,0
RUBIO CLARO 8SN REVLON,Coloración,0
RUBIO CLARO 9.13 L´OREAL,Coloración,0
RUBIO CLARO BEIGE 8.31 REVLON,Coloración,0
RUBIO CLARO BEIGE 8.31 REVLON,Coloración,0
"RUBIO CLARO CENIZA 8,1 INOVACION NO",Coloración,0
"RUBIO CLARO CENIZA 8,1 L´OREAL",Coloración,0
RUBIO CLARO CENIZA 8.1 L´OREAL,Coloración,0
"RUBIO CLARO CENIZA DORADO 8,13 INOVACION NO",Coloración,0
RUBIO CLARO CENIZA NATURAL 10.01 REVLON,Coloración,0
RUBIO CLARO CENIZA NATURAL 8.01 REVLON,Coloración,0
"RUBIO CLARO CENIZA PROFUNDO 8,11 L´OREAL",Coloración,0
"RUBIO CLARO CENIZA PROFUNDO 8,11 L´OREAL",Coloración,0
RUBIO CLARO COBRIZO 7.44 REVLON,Coloración,0
RUBIO CLARO COBRIZO 8.4 REVLON,Coloración,0
RUBIO CLARO COBRIZO 8.4 REVLON,Coloración,0
RUBIO CLARO COBRIZO CAOBA 8.45 REVLON,Coloración,0
RUBIO CLARO DORADO 8.3 REVLON,Coloración,0
"RUBIO CLARO DORADO CENIZA 8,31 INOVACION NO",Coloración,0
RUBIO CLARO DORADO COBRIZO 8.34 L´OREAL,Coloración,0
RUBIO CLARO DORADO COBRIZO 8.34 REVLON,Coloración,0
RUBIO CLARO FUNDAMENTAL DORADO 8.3 L´OREAL,Coloración,0
"RUBIO CLARO IRISADO 8,2 REVLON",Coloración,0
RUBIO CLARO MOCCA 8.8 L´OREAL,Coloración,0
RUBIO CLARO NATURAL 8 SILKEY PROFESIONAL,Coloración,0
RUBIO CLARO NATURAL FRIO 8.07 L´OREAL,Coloración,0
RUBIO CLARO PERLADO COBRIZO 8.24 REVLON,Coloración,0
"RUBIO CLARO PROFUNDO 8,0 REVLON",Coloración,0
"RUBIO COBRIZO 7,4 L´OREAL",Coloración,0
RUBIO COBRIZO DORADO 7.43 REVLON,Coloración,0
RUBIO COBRIZO PROFUNDO 7.44 REVLON,Coloración,0
"RUBIO DORADO 7,3 INOVACION NO",Coloración,0
"RUBIO DORADO 7,3 L´OREAL",Coloración,0
RUBIO DORADO 7.3 REVLON,Coloración,0
"RUBIO DORADO CAOBA 7,35 INOVACION NO",Coloración,0
"RUBIO DORADO CENIZA 7,31 REVLON",Coloración,0
RUBIO DORADO COBRIZO 7.34 REVLON,Coloración,0
RUBIO DORADO NACARADO 7.32 REVLON,Coloración,0
RUBIO DORADO PROFUNDO 7.33 REVLON,Coloración,0
RUBIO EXTRA CLARO 9.33 SILKEY PROFESIONAL,Coloración,0
RUBIO EXTRA CLARO NATURAL 9 SILKEY PROFESIONAL,Coloración,0
"RUBIO IRISADO 7,2 REVLON",Coloración,0
"RUBIO IRISADO DORADO 7,23 INOVACION NO",Coloración,0
"RUBIO IRISADO DORADO 7,23 REVLON",Coloración,0
RUBIO L´OREAL,Coloración,0
RUBIO M. C. DOR. NAC. 9.32 REVLON,Coloración,0
RUBIO MARROM ESCARCHADO 7.14 REVLON,Coloración,0
RUBIO MEDIANO NATURAL 7 SILKEY PROFESIONAL,Coloración,0
"RUBIO MOKA 7,8 L´OREAL",Coloración,0
RUBIO MUY CLARO 9 INOVACION NO,Coloración,0
RUBIO MUY CLARO 9 L´OREAL,Coloración,0
RUBIO MUY CLARO 9 REVLON,Coloración,0
RUBIO MUY CLARO 9 REVLON,Coloración,0
RUBIO MUY CLARO 9SN REVLON,Coloración,0
RUBIO MUY CLARO BEIGE 9.31 REVLON,Coloración,0
"RUBIO MUY CLARO CENIZA 9,1 INOVACION NO",Coloración,0
"RUBIO MUY CLARO CENIZA 9,1 L´OREAL",Coloración,0
"RUBIO MUY CLARO CENIZA DORADO 9,13 INOVACION NO",Coloración,0
"RUBIO MUY CLARO CENIZA DORADO 9,13 REVLON",Coloración,0
RUBIO MUY CLARO CENIZA NATURAL 9.01 REVLON,Coloración,0
RUBIO MUY CLARO CENIZA PROFUNDO 9.11 L´OREAL,Coloración,0
"RUBIO MUY CLARO DORADO 9,3 INOVACION NO",Coloración,0
RUBIO MUY CLARO DORADO 9.3 REVLON,Coloración,0
RUBIO MUY CLARO DORADO 9.3 REVLON,Coloración,0
"RUBIO MUY CLARO DORADO CENIZA 9,31 REVLON",Coloración,0
"RUBIO MUY CLARO IRISADO 9,2 INOVACION NO",Coloración,0
RUBIO MUY CLARO IRISADO 9.2 REVLON,Coloración,0
"RUBIO MUY CLARO PROFUNDO 9,0 REVLON",Coloración,0
RUBIO MUY MUY CLARO 10 REVLON,Coloración,0
"RUBIO MUY MUY CLARO CENIZA 10,1 L´OREAL",Coloración,0
"RUBIO MUY MUY CLARO CENIZA DORADO 10,13 REVLON",Coloración,0
RUBIO NATURAL FRIO 7.07 L´OREAL,Coloración,0
RUBIO OSCURO 6,Coloración,0
RUBIO OSCURO 6 L´OREAL,Coloración,0
RUBIO OSCURO 6 L´OREAL,Coloración,0
RUBIO OSCURO 6 REVLON,Coloración,0
RUBIO OSCURO 6 REVLON,Coloración,0
RUBIO OSCURO 6.41 SILKEY PROFESIONAL,Coloración,0
RUBIO OSCURO 6.64 REVLON,Coloración,0
RUBIO OSCURO 6SN REVLON,Coloración,0
RUBIO OSCURO BEIGE 6.31 REVLON,Coloración,0
"RUBIO OSCURO CENIZA 6,1 L´OREAL",Coloración,0
RUBIO OSCURO CENIZA 6.1 INOVACION NO,Coloración,0
RUBIO OSCURO CENIZA 6.1 L´OREAL,Coloración,0
RUBIO OSCURO CENIZA 6.1 REVLON,Coloración,0
"RUBIO OSCURO CENIZA DORADO 6,13 REVLON",Coloración,0
RUBIO OSCURO CENIZA FRIO 6.17 L´OREAL,Coloración,0
"RUBIO OSCURO CENIZA PROFUNDO 6,11 L´OREAL",Coloración,0
"RUBIO OSCURO CENIZA PROFUNDO 6,11 L´OREAL",Coloración,0
RUBIO OSCURO COBRIZO 6.4 REVLON,Coloración,0
RUBIO OSCURO COBRIZO 6.4 REVLON,Coloración,0
"RUBIO OSCURO COBRIZO CAOBA 6,45 L´OREAL",Coloración,0
"RUBIO OSCURO COBRIZO CENIZA 6,41 REVLON",Coloración,0
"RUBIO OSCURO DORADO 6,3 INOVACION NO",Coloración,0
"RUBIO OSCURO DORADO 6,3 L´OREAL",Coloración,0
RUBIO OSCURO DORADO 6.3 REVLON,Coloración,0
"RUBIO OSCURO DORADO COBRIZO 6,34 INOVACION NO",Coloración,0
"RUBIO OSCURO DORADO COBRIZO 6,34 L´OREAL",Coloración,0
RUBIO OSCURO DORADO COBRIZO 6.34 REVLON,Coloración,0
"RUBIO OSCURO DORADO IRISADO 6,32 REVLON",Coloración,0
RUBIO OSCURO DORADO PROFUNDO 6.33 REVLON,Coloración,0
"RUBIO OSCURO IRISADO DORADO 6,23 INOVACION NO",Coloración,0
"RUBIO OSCURO IRISADO DORADO 6,23 L´OREAL",Coloración,0
RUBIO OSCURO MARRON 6.41 REVLON,Coloración,0
RUBIO OSCURO MARRON ESCARCHADO 6.14 REVLON,Coloración,0
RUBIO OSCURO NATURAL 6 SILKEY PROFESIONAL,Coloración,0
"RUBIO OSCURO NATURAL FRIO 6,07 L´OREAL",Coloración,0
RUBIO OSCURO PERLADO 6.12 REVLON,Coloración,0
RUBIO OSCURO PERLADO COBRIZO 6.24 REVLON,Coloración,0
"RUBIO OSCURO PROFUNDO 6,0 REVLON",Coloración,0
RUBIO OSCURO ROJIZO CAOBA 6.65 REVLON,Coloración,0
RUBIO OSCURO ROJIZO CAOBA 6.65 REVLON,Coloración,0
RUBIO OSCURO ROJO COBRIZO 6.64 REVLON,Coloración,0
RUBIO OSCURO ROJO PROFUNDO 6.66 REVLON,Coloración,0
"RUBIO OSCURO ROJO PROFUNDO C6,66 L´OREAL",Coloración,0
RUBIO PERLADO COBRIZO 7.24 REVLON,Coloración,0
RUBIO PLATINO 10 INOVACION NO,Coloración,0
"RUBIO PROFUNDO 7,0 REVLON",Coloración,0
RUBIO ROJIZO INTENSO 7.60 REVLON,Coloración,0
RUBIO ROJIZO INTENSO 7.60 REVLON,Coloración,0
RUBIO ROJO COBRIZO 7.64 REVLON,Coloración,0
RUBIO ROJO COBRIZO 7.64 REVLON,Coloración,0
SHAMPOO PRO KERATIN REFILL 1500ML L´OREAL,Coloración,0
VIOLET 200 REVLON,Coloración,0
VITAMINO COLOR 250ML,Coloración,0
VITAMINO COLOR A-OX SH 1500ML,Coloración,0
08 ULTIMATE SLIEDE LIPSTICK HIGH HEELS,Cosméticos,0
09 ULTIMATE SLIEDE LIPSTICK SOCIALITE,Cosméticos,0
2X1 FUNDATION + SERUM PORCELAIN 30 MAXFACTOR,Cosméticos,0
41056 BIG SHINY TOP COAT SALLYHANSEN,Cosméticos,0
530 BACK TO THE FUCSIA 14.7 ML SALLYHANSEN,Cosméticos,0
ACIDO PARA REPARAR CUTICULAS 41053 SALLYHANSEN,Cosméticos,0
AGE DEFYING WITH DNA ADVANTAGE,Cosméticos,0
AGE DEFYING WITH DNA ADVANTAGE,Cosméticos,0
AGE DEFYING WITH DNA ADVANTAGE,Cosméticos,0
AGE DEFYING WITH DNA ADVANTAGE L´OREAL,Cosméticos,0
AGE DEFYNYING FIRMING+LIFTING MAKEUP,Cosméticos,0
AIBRUSH LEGS DEEP GLOW,Cosméticos,0
ALMAY BASE SMART SHADE 400,Cosméticos,0
ALMAY LINE SMOOTHING 5.3 ML,Cosméticos,0
AM CANDY 220 SALLYHANSEN,Cosméticos,0
BACK TO THE FUCHSIA 420 SALLYHANSEN,Cosméticos,0
BALSAMO MATE PARA LABIOS COMPLEX 230 REVLON,Cosméticos,0
BALSAMO MATE PARA LABIOS SULTRY 225 REVLON,Cosméticos,0
BALSAMO MATTE PARA LABIOS 205 REVLON,Cosméticos,0
BALSAMO ULTRA BRILLANTE 001 REVLON,Cosméticos,0
BALSAMO ULTRA BRILLANTE 005 REVLON,Cosméticos,0
BALSAMO ULTRA BRILLANTE 035 REVLON,Cosméticos,0
BALSAMO ULTRA BRILLANTE 140 REVLON,Cosméticos,0
BALSAMO ULTRA BRILLANTE 210 REVLON,Cosméticos,0
BALSAMO ULTRA BRILLANTE 245 REVLON,Cosméticos,0
BALSAMO ULTRA BRILLANTE 255 REVLON,Cosméticos,0
BALSAMO ULTRA BRILLANTE 260 REVLON,Cosméticos,0
BALSAMO ULTRA BRILLANTE 265 REVLON,Cosméticos,0
BALSAMO ULTRA BRILLANTE INGENUE 145 REVLON,Cosméticos,0
BALSAMO ULTRA BRILLANTE TEASE 130 REVLON,Cosméticos,0
BALSAMO ULTRA BRILLANTE VIVACIOUS 120 REVLON,Cosméticos,0
BALSAMO ULTRA BRILLANTE WIMSICAL 115 REVLON,Cosméticos,0
BASE DE MAQUILLAJE PARA ROSTRO 250 REVLON,Cosméticos,0
BASE DE MAQUILLAJE PARA ROSTRO 300 BEIGE REVLON,Cosméticos,0
BASE DE MAQUILLAJE PARA ROSTRO 330 GRASO REVLON,Cosméticos,0
BASE DE MAQUILLAJE PARA ROSTRO 330 NORMAL/SECO REVLON,Cosméticos,0
BASE PARA MAQUILLAJE PARA ROSTRO EN CREMA 30 DNA REVLON,Cosméticos,0
BASE PARA ROSTRO 330 REVLON,Cosméticos,0
BB CREAM CREMA REPARADORA PARA ROSTRO 020 REVLON,Cosméticos,0
BLUE MY MIND 550,Cosméticos,0
BRILLIANT STRENGTH NAIL ENAMEL 130 REVLON,Cosméticos,0
BRILLO LABIAL 030 REVLON,Cosméticos,0
BRILLO LABIAL 045 REVLON,Cosméticos,0
BRILLO LABIAL 050 REVLON,Cosméticos,0
BRILLO LABIAL 055 REVLON,Cosméticos,0
BRILLO LABIAL 225 REVLON,Cosméticos,0
BRILLO LABIAL 265 REVLON,Cosméticos,0
BRILLO LABIAL 270 REVLON,Cosméticos,0
BRILLO LABIAL CON COLOR 006 REVLON,Cosméticos,0
BRILLO LABIAL CON COLOR 018 REVLON,Cosméticos,0
BRILLO LABIAL CON COLOR 034 REVLON,Cosméticos,0
BRILLO LABIAL CON COLOR 535 REVLON,Cosméticos,0
BRILLO LABIAL CON COLOR 560 REVLON,Cosméticos,0
BRONZING POWDER BRONZE MAXFACTOR,Cosméticos,0
BROW FANTASY 106 REVLON,Cosméticos,0
CHINA GLAZE NARANJA,Cosméticos,0
CHINA GLAZE ROSA,Cosméticos,0
COFRE DICIPLINE KERASTASE,Cosméticos,0
COLOESILK SHAMPOO BROWN L´OREAL,Cosméticos,0
COLORBLIRST LIP BUTTER JUICY PAPAYA,Cosméticos,0
COLORBLIRST LIP BUTTER LOLLIPOP,Cosméticos,0
COLORBLIRST LIP BUTTER SORBET,Cosméticos,0
COLORBURST LACQUER BALM,Cosméticos,0
COLORBURST LACQUER BALM 135 REVLON,Cosméticos,0
COLORBURST LACQUER BALM ENTICING 150 REVLON,Cosméticos,0
COLORBURST LACQUER BALM TEASE,Cosméticos,0
COLORBUST LACQUER BALM DEMURE 105 REVLON,Cosméticos,0
COLORBUST LIP SUTTER CUPCAKE,Cosméticos,0
COLORSTAY 020 REVLON,Cosméticos,0
COLORSTAY 535 REVLON,Cosméticos,0
COLORSTAY 600 REVLON,Cosméticos,0
COLORSTAY EYE 16 HOUR EYE SHADOW L´OREAL,Cosméticos,0
COLORSTAY EYE 16 HOUR EYE SHADOW L´OREAL,Cosméticos,0
COLORSTAY MAKEUP REVLON,Cosméticos,0
COLORSTAY MOISTURE STAINLA,Cosméticos,0
COLORSTAY PRESSED POWDER FAIR,Cosméticos,0
COLORSTAY PRESSED POWDER LIGHT REVLON,Cosméticos,0
COLORSTAY WHIPPED 330 REVLON,Cosméticos,0
COLORSTAY WHIPPED 330 REVLON,Cosméticos,0
COLOSILK ACONDICIONADOR BROWN L´OREAL,Cosméticos,0
CORRECTOR ILUMINADOR 14057 ALMAY,Cosméticos,0
CORRECTOR ILUMINADOR 14059 ALMAY,Cosméticos,0
CORRECTOR P/ ROSTRO 03 LIGHT MEDIUM REVLON,Cosméticos,0
CORRECTOR P/ ROSTRO 05 MEDIUM REVLON,Cosméticos,0
CORRECTOR P/ ROSTRO REVLON,Cosméticos,0
CORRECTOR P/ ROSTRO REVLON,Cosméticos,0
CORRECTOR PARA ROSTRO Y OJOS MEDIUM 03 REVLON,Cosméticos,0
CORRECTOR PARA ROSTRO Y OJOS MEDIUM DEEP 04 REVLON,Cosméticos,0
CORSTAY BROW PENCILA UBURN L´OREAL,Cosméticos,0
CREMA PREPARADORA P/ ROSTRO BB CREAM 010 REVLON,Cosméticos,0
CREMA VOLUMINIZADORA Y DISCIPLINANTE P/ RULOS 95ML REVLON,Cosméticos,0
CROW LUSDIOLS NAWP MASCARAWP,Cosméticos,0
CUTICLE ERASER 14 G CND,Cosméticos,0
DELINEADOR INTENSO PARA OJOS ILUMINADOR 004 REVLON,Cosméticos,0
DELINEADOR PARA LABIOS PIEL 630 REVLON,Cosméticos,0
DELINEADOR PARA OJOS 16HS BLACK 201 REVLON,Cosméticos,0
DELINEADOR PARA OJOS 501 BLACK REVLON,Cosméticos,0
DELINEADOR PARA OJOS EN GEL 24HS REVLON,Cosméticos,0
DIAMOND ILLUM CONDITIONER 1000ML,Cosméticos,0
EMULSION DE LIMPIEZA CON VITAMINA E 250ML EXEL,Cosméticos,0
ESMALTE 070 REVLON,Cosméticos,0
ESMALTE 300 COTTON REVLON,Cosméticos,0
ESMALTE 305 SUBLIME REVLON,Cosméticos,0
ESMALTE ALL FRED UP 550 SALLYHANSEN,Cosméticos,0
ESMALTE MOOK A MANGO 450 SALLYHANSEN,Cosméticos,0
ESMALTE N 917,Cosméticos,0
ESMALTE P/ UNAS CLEAR 771 REVLON,Cosméticos,0
ESMALTE P/ UNAS NIRVANA 949 SINFULCOLORS,Cosméticos,0
ESMALTE P/ UNAS SERENE 320 REVLON,Cosméticos,0
ESMALTE POSH PINK 912 REVLON,Cosméticos,0
ESMALTE REVLON,Cosméticos,0
ESMALTE SHEER ECSTASTY 200 SALLYHANSEN,Cosméticos,0
ESMALTE VIOLET SPEED REVLON,Cosméticos,0
ESMALTES 571 POSH 14.7 ML REVLON,Cosméticos,0
ESMALTES 901 FUCSIA FEVER REVLON,Cosméticos,0
ESMALTES BRILLINT STRENGHT 150 SEDUCE 11.7 ML REVLON,Cosméticos,0
ESMALTES COLORSTAY GEL ENVY 110 LADY LUCK 11.7 ML REVLON,Cosméticos,0
ESMALTES COLORSTAY GEL ENVY 620 ROULETTE RUSH REVLON,Cosméticos,0
ESPONJA PARA BASE,Cosméticos,0
ESPUMA DE LIMPIEZA PARA CUTIS GRASO 170ML EXEL,Cosméticos,0
EXEL EMULCION DE LIMPIEZA * 250 ML,Cosméticos,0
EXEL GEL HIDRATANTE C/ VITAMINA C * 30 CC,Cosméticos,0
EYE ENHANCER 4 KIT COUNTRY WOODS,Cosméticos,0
EYE ENHANCER 4KIT DARING NUDES,Cosméticos,0
EYELINER CURLER WIREFILL L´OREAL,Cosméticos,0
FIREY ISLAND 390 SALLYHANSEN,Cosméticos,0
FLASH LIFT 15UN X 1 GERMAINE DE CAPUCCINI,Cosméticos,0
FLISION MASCARA BLACK (LILA) MAXFACTOR,Cosméticos,0
FUNDATION PUFFS OTROS,Cosméticos,0
GEL CONTORNO 30ML EXEL,Cosméticos,0
GELTOE SPACERB,Cosméticos,0
GLOSS RADIAN ROSE MAXFACTOR,Cosméticos,0
GLOSS RADIANT RED MAXFACTOR,Cosméticos,0
GLOSS REFLECTIVE MAXFACTOR,Cosméticos,0
GRACEFUL 320 REVLON,Cosméticos,0
GRAY SUEDE 705 REVLON,Cosméticos,0
GROWLUSCIDUS PLUMPING MASCARA,Cosméticos,0
HARDAS NAIL POLISH ROCKS REVLON,Cosméticos,0
INSTANT DRYING ANTI-CHIP LATIN,Cosméticos,0
INTENSIVE CALLUS FOOT SOFTENER 4 OZ,Cosméticos,0
JUST BITTEN KISSABLE BALM STAIN,Cosméticos,0
JUST BITTEN KISSABLE BALM STAIN,Cosméticos,0
JUST BITTEN KISSABLE BALM STAIN,Cosméticos,0
JUST BITTEN KISSABLE BALM STAIN,Cosméticos,0
JUST BITTEN KISSABLE BALM STAIN,Cosméticos,0
JUST BITTEN KISSABLE BALM STAIN,Cosméticos,0
JUST BITTEN KISSABLE BALM STAIN,Cosméticos,0
KISS BALM BERRY BURST REVLON,Cosméticos,0
KISS BALM CRISP APPLE REVLON,Cosméticos,0
KISS BALM FRESH STRAWBERRY REVLON,Cosméticos,0
KISS BALM SWEET CHERRY REVLON,Cosméticos,0
KISS BALM TROPICAL REVLON,Cosméticos,0
KOHL PENCIL BLACK+,Cosméticos,0
LABIAL MATTE PASSIONATE REVLON,Cosméticos,0
LABIAL MAX FACTOR 30 COLOR MATE MAXFACTOR,Cosméticos,0
LABIAL REVLON 026,Cosméticos,0
LABIAL REVLON 058,Cosméticos,0
LABIAL REVLON 630 OTROS,Cosméticos,0
LABIAL REWLON 315 OTROS,Cosméticos,0
LAPIZ DELINEADOR DE LABIOS 650 REVLON,Cosméticos,0
LAPIZ DELINEADOR PARA LABIOS 645 REVLON,Cosméticos,0
LAPIZ DELINEADOR PARA LABIOS UVA PASA 640 REVLON,Cosméticos,0
LAPIZ DELINEADOR PARA LABIOS VINO 670 REVLON,Cosméticos,0
LAPIZ LABIAL 011 REVLON,Cosméticos,0
LAPIZ LABIAL 026 REVLON,Cosméticos,0
LAPIZ LABIAL 16HS 005 REVLON,Cosméticos,0
LAPIZ LABIAL 16HS 020 REVLON,Cosméticos,0
LAPIZ LABIAL 16HS 040 REVLON,Cosméticos,0
LAPIZ LABIAL 16HS 140 REVLON,Cosméticos,0
LAPIZ LABIAL 16HS 380 REVLON,Cosméticos,0
LAPIZ LABIAL 16HS 420 REVLON,Cosméticos,0
LAPIZ LABIAL 240 REVLON,Cosméticos,0
LAPIZ LABIAL 24HS 115 CONFIDENT MAXFACTOR,Cosméticos,0
LAPIZ LABIAL 24HS 120 HOT MAXFACTOR,Cosméticos,0
LAPIZ LABIAL 24HS 125 SO GLAMOROUS MAXFACTOR,Cosméticos,0
LAPIZ LABIAL 24HS 370 ALWAYS EXTRAVAGANT MAXFACTOR,Cosméticos,0
LAPIZ LABIAL 425 REVLON,Cosméticos,0
LAPIZ LABIAL 430 REVLON,Cosméticos,0
LAPIZ LABIAL 457 REVLON,Cosméticos,0
LAPIZ LABIAL 470 REVLON,Cosméticos,0
LAPIZ LABIAL 477 REVLON,Cosméticos,0
LAPIZ LABIAL 654 REVLON,Cosméticos,0
LAPIZ LABIAL 657 REVLON,Cosméticos,0
LAPIZ LABIAL 660 REVLON,Cosméticos,0
LAPIZ LABIAL 720 REVLON,Cosméticos,0
LAPIZ LABIAL 801 REVLON,Cosméticos,0
LAPIZ LABIAL 815 REVLON,Cosméticos,0
LAPIZ LABIAL 815 REVLON,Cosméticos,0
LAPIZ LABIAL 825 REVLON,Cosméticos,0
LAPIZ LABIAL 880 REVLON,Cosméticos,0
LAPIZ LABIAL BERRY 835 REVLON,Cosméticos,0
LAPIZ LABIAL BLUSHING 637 REVLON,Cosméticos,0
LAPIZ LABIAL BLUSHING MAUVE 460 REVLON,Cosméticos,0
LAPIZ LABIAL CERTAINLY RED 740 REVLON,Cosméticos,0
LAPIZ LABIAL CON COLOR 340 REVLON,Cosméticos,0
LAPIZ LABIAL CON COLOR BRILLO HUMECTANTE 260 REVLON,Cosméticos,0
LAPIZ LABIAL DE LARGA DURACION 025 REVLON,Cosméticos,0
LAPIZ LABIAL DE LARGA DURACION 035 REVLON,Cosméticos,0
LAPIZ LABIAL DE LARGA DURACION 045 REVLON,Cosméticos,0
LAPIZ LABIAL DE LARGA DURACION 070 REVLON,Cosméticos,0
LAPIZ LABIAL DE LARGA DURACION 075 REVLON,Cosméticos,0
LAPIZ LABIAL DE LARGA DURACION 095 REVLON,Cosméticos,0
LAPIZ LABIAL HUMECTANTE 010 REVLON,Cosméticos,0
LAPIZ LABIAL HUMECTANTE 040 REVLON,Cosméticos,0
LAPIZ LABIAL HUMECTANTE 055 REVLON,Cosméticos,0
LAPIZ LABIAL HUMECTANTE 065 REVLON,Cosméticos,0
LAPIZ LABIAL HUMECTANTE CON COLOR 040 RENDEZVOUS REVLON,Cosméticos,0
LAPIZ LABIAL HUMECTANTE CON COLOR 045 ROMANTIC REVLON,Cosméticos,0
LAPIZ LABIAL HUMECTANTE CON COLOR CHERISH 015 REVLON,Cosméticos,0
LAPIZ LABIAL HUMECTANTE CON COLOR DARLING 010 REVLON,Cosméticos,0
LAPIZ LABIAL KISS ME 750 REVLON,Cosméticos,0
LAPIZ LABIAL LARGA DURACION 800,Cosméticos,0
LAPIZ LABIAL LOVE 725 REVLON,Cosméticos,0
LAPIZ LABIAL LUMINOUS 631 REVLON,Cosméticos,0
LAPIZ LABIAL MATE 006 REVLON,Cosméticos,0
LAPIZ LABIAL MATE 435 REVLON,Cosméticos,0
LAPIZ LABIAL RED LAQUER 029 REVLON,Cosméticos,0
LAPIZ LABIAL REVLON RED 730,Cosméticos,0
LAPIZ LABIAL RICH GIRL 830 REVLON,Cosméticos,0
LAPIZ LABIAL ROSEWINE 225 REVLON,Cosméticos,0
LAPIZ LABIAL SIREN 677 REVLON,Cosméticos,0
LAPIZ LABIAL WHINE WHITE 525 REVLON,Cosméticos,0
LAPIZ P/ OJOS 301 REVLON,Cosméticos,0
LASHOPTION VOLUME LENGTH MASCARA,Cosméticos,0
LIFFINITY COLOUR & GLOSS BURGLINDY,Cosméticos,0
LIFFINITY COLOUR & GLOSS ESSENTIAL,Cosméticos,0
LIFFINITY COLOUR AND GLOSS NATURAL,Cosméticos,0
LIPFINITY RESTAGE FRIVOLOUS L´OREAL,Cosméticos,0
LIPFINITY RESTAGE FRIVOLOUS L´OREAL,Cosméticos,0
LIPFINITY RESTAGE JUST IN LOVE,Cosméticos,0
LIPLINER FUCHIA REVLON,Cosméticos,0
LIPLINER OZ SIENNA REVLON,Cosméticos,0
LIPLINER PLUM REVLON,Cosméticos,0
LIPLINER REVLON,Cosméticos,0
LIPS CREME REVLON 1458/520,Cosméticos,0
LIPS CREME REVLON 1458/540,Cosméticos,0
LIPSTICK PINK FLORAL REVLON,Cosméticos,0
LOCION HERBACEA DESCONGESTIVA Y TONIFICANTE 250ML EXEL,Cosméticos,0
LOSION SECANTE 70 ML LACA,Cosméticos,0
LOSION SECANTE LACA,Cosméticos,0
MAQUILLAJE 415 PINK IN THE AFTERMAN,Cosméticos,0
MAQUILLAJE 423 PINK VELVET,Cosméticos,0
MAQUILLAJE 810 PINK SIZZLE,Cosméticos,0
MAQUILLAJE AGE DEFYING 50 HONEY BEIGE 30 ML,Cosméticos,0
MAQUILLAJE ALWAY POLVO SUELTO 200 MEDIUM,Cosméticos,0
MAQUILLAJE BRILLO MOISTURE STAIN 005 PARISIN,Cosméticos,0
MAQUILLAJE COLOR CORRECTING PRIMER,Cosméticos,0
MAQUILLAJE COLORBUST 215,Cosméticos,0
MAQUILLAJE COLORBUST 250,Cosméticos,0
MAQUILLAJE COLORSTAY SOMBRA 570 LOSCIUS,Cosméticos,0
MAQUILLAJE COMPACTO PARA EL ROSTRO BEIGE MEDIO 05 REVLON,Cosméticos,0
MAQUILLAJE COMPACTO PARA EL ROSTRO BEIGE NATURAL 04 REVLON,Cosméticos,0
MAQUILLAJE COMPACTO PARA EL ROSTRO BRONSEADO REVLON,Cosméticos,0
MAQUILLAJE COMPACTO PARA EL ROSTRO DURAZNO SUAVE 02 REVLON,Cosméticos,0
MAQUILLAJE CONCEALER COLORSTAY 640 MEDIUM,Cosméticos,0
MAQUILLAJE CONCELEAR DMA 04 MEDIUM BEIGE,Cosméticos,0
MAQUILLAJE CORRECTOR PARA ROSTRO 100 ALMAY,Cosméticos,0
MAQUILLAJE CREMOSO 60 MAXFACTOR,Cosméticos,0
MAQUILLAJE CREMOSO 96 MAXFACTOR,Cosméticos,0
MAQUILLAJE CREMOSO 97 MAXFACTOR,Cosméticos,0
MAQUILLAJE EN BARRA PATA ROSTRO 10 REVLON,Cosméticos,0
MAQUILLAJE EN BARRA PATA ROSTRO 120 REVLON,Cosméticos,0
MAQUILLAJE EN BARRA PATA ROSTRO 120 REVLON,Cosméticos,0
MAQUILLAJE EN BARRA PATA ROSTRO 170 REVLON,Cosméticos,0
MAQUILLAJE EN BARRA PATA ROSTRO 40 REVLON,Cosméticos,0
MAQUILLAJE EN BARRA PATA ROSTRO 45 REVLON,Cosméticos,0
MAQUILLAJE EN BARRA PATA ROSTRO 55 REVLON,Cosméticos,0
MAQUILLAJE GROW LUSCIUS 002 RIMEL,Cosméticos,0
MAQUILLAJE LABIAL 080 STRAWBERRY SHORTCAKE,Cosméticos,0
MAQUILLAJE LIPFINITY 320 RED CORAL,Cosméticos,0
MAQUILLAJE MAXFACTOR AGELESS ELIXIR 50 NATURAL,Cosméticos,0
MAQUILLAJE MAXFACTOR PANSTIK 56 MEDIUM,Cosméticos,0
MAQUILLAJE PARA ROSTRO 200 ALMAY,Cosméticos,0
MAQUILLAJE POLVO COMPACTO 850 MEDIUM REVLON,Cosméticos,0
MAQUILLAJE POWDER BLUSH 006 NAUGHTY NUDE,Cosméticos,0
MASCARA DE PESTANAS BLACK (NEGRO) MAXFACTOR,Cosméticos,0
MASCARA DE PESTANAS BLACK NOIR 302 REVLON,Cosméticos,0
MASCARA P/ PESTANAS 001 REVLON,Cosméticos,0
MASCARA P/ PESTANAS 351 REVLON,Cosméticos,0
MASCARA P/ PESTANAS 502 ROJO REVLON,Cosméticos,0
MASCARA P/ PESTANAS REVLON,Cosméticos,0
MASCARA PARA PESTANAS ALARGAMIENTO Y VOLUMEN (AZUL) REVLON,Cosméticos,0
MATTE BALM FIERY REVLON,Cosméticos,0
MAX FACTOR BRILLO 03 MAXFACTOR,Cosméticos,0
MAX FACTOR BRILLO 15,Cosméticos,0
MAX FACTOR POLVO COMPACTO 01,Cosméticos,0
MOISTURZING FOOT CREAM 4 OZ,Cosméticos,0
NAIL COLOR LACE,Cosméticos,0
NAIL POLISH BLACK OUTY Z4860-28 SALLYHANSEN,Cosméticos,0
NAIL POLISH LACQER SHEER ECSTASY,Cosméticos,0
NAIL POLISH LACQUER MADWOMEN OTROS,Cosméticos,0
NAIL POLISH LACQUER RED EYE OTROS,Cosméticos,0
NAIL POLISH LACQUER WINE NOT OTROS,Cosméticos,0
NAILXTREME WEAR WHITE ON SALLYHANSEN,Cosméticos,0
NATURAL MINERALS BRONZE MAXFACTOR,Cosméticos,0
NATURAL MINERALS FOUND CARAMEL,Cosméticos,0
NEARLY NAKED PRESSED POWDER DARK REVLON,Cosméticos,0
NEW COLORSTAY CONCEALER LIGTH REVLON,Cosméticos,0
NEW COMPLEXION ONE STEP MAKEUP,Cosméticos,0
NOT JUST NUDES SHADOW L´OREAL,Cosméticos,0
NOT JUST NUDES SHADOW PALETTE L´OREAL,Cosméticos,0
PANSTIK BISQUE IVORY,Cosméticos,0
PANSTIK DEEP OLIVE,Cosméticos,0
PANSTIK OLIVE,Cosméticos,0
PAT ON THE BLACK 510 SALLYHANSEN,Cosméticos,0
PAT ON THE BLACK 660 SALLYHANSEN,Cosméticos,0
PHOTOREADY 140 NUDE REVLON,Cosméticos,0
PHOTOREADY CORRECTOR REVLON,Cosméticos,0
PHOTOREADY CORRECTOR REVLON,Cosméticos,0
PHOTOREADY CORRECTOR REVLON,Cosméticos,0
PHOTOREADY KAJALINT EYELINER BRIGH,Cosméticos,0
PHOTOREADYINSTA FIX MAKEUP SHELL,Cosméticos,0
PINTURA DE LABIOS + BARRA TRANSPARENTE 350 MAXFACTOR,Cosméticos,0
PINTURA DE LABIOS + BARRA TRANSPARENTE 350 MAXFACTOR,Cosméticos,0
POLVO BRONCEADOR 012 REVLON,Cosméticos,0
POLVO COLOR STAY N 260,Cosméticos,0
POLVO COLOR STAY N 285,Cosméticos,0
POLVO COMPACTO PARA ROSTRO 25 REVLON,Cosméticos,0
POLVO COMPACTO PARA ROSTRO 830 REVLON,Cosméticos,0
POLVO COMPACTO PARA ROSTRO 840 MEDIO REVLON,Cosméticos,0
POLVO SUELTO 200 ALMAY,Cosméticos,0
POWDER BLUSH BRONZE BEAUTY,Cosméticos,0
POWDER BLUSH DARE TO DARE,Cosméticos,0
PRE MAQUILLAJE PARA CORREGIR IMPERFECCIONES 001 REVLON,Cosméticos,0
PRE MAQUILLAJE Y SOMBRA PARA PARPADOS 525 REVLON,Cosméticos,0
PREBASE SOMBRA PARA PARPADOS + DESTELLOS 501 REVLON,Cosméticos,0
PREMAQUILLAJE CORRECTOR PARA ROSTRO 002 REVLON,Cosméticos,0
RED MY LIPS 470 SALLYHANSEN,Cosméticos,0
RED ZIN 610 SALLYHANSEN,Cosméticos,0
REVITALIZING FOOT BOAK,Cosméticos,0
REVLON BASE 170 NATURAL,Cosméticos,0
REVLON BASE 180 MEDIUM,Cosméticos,0
REVLON BASE AGE DEFINIG,Cosméticos,0
REVLON BASE PHOTOREADY,Cosméticos,0
REVLON BASE PHOTOREADY,Cosméticos,0
REVLON BRILLO 002,Cosméticos,0
REVLON BRILLO 012,Cosméticos,0
REVLON BRILLO 250,Cosméticos,0
REVLON BRILLO 460,Cosméticos,0
REVLON BRILLO ROJO 240,Cosméticos,0
REVLON BROLLO 010,Cosméticos,0
REVLON COLOR STAY SOMBRA * 4 NO 560,Cosméticos,0
REVLON COLORSATAY SOMBRA * 4 NO 535,Cosméticos,0
REVLON CORRECTOR AGE DEFYING 03 04,Cosméticos,0
REVLON CORRECTOR PARA CONTORNO DE OJOS,Cosméticos,0
REVLON DELINEADOR AZUL P/ OJOS 506,Cosméticos,0
REVLON DELINEADOR INTENSO P OJOS 002,Cosméticos,0
REVLON DELINEADOR LIQUIDO DE OJOS 251,Cosméticos,0
REVLON DELINEADOR MARRON P/ OJOS 502,Cosméticos,0
REVLON DELINEADOR P/ OJOS 202,Cosméticos,0
REVLON ESMALTE 110,Cosméticos,0
REVLON ESMALTE 141 ANGELIC,Cosméticos,0
REVLON ESMALTE 220 BUBBLE,Cosméticos,0
REVLON ESMALTE 355,Cosméticos,0
REVLON ESMALTE 375,Cosméticos,0
REVLON ESMALTE 490,Cosméticos,0
REVLON ESMALTE 571,Cosméticos,0
REVLON ESMALTE 730,Cosméticos,0
REVLON ESMALTE 840,Cosméticos,0
REVLON ESMALTE 901,Cosméticos,0
REVLON ESMALTE 917 PLUM,Cosméticos,0
REVLON ESMALTE CANDY 130,Cosméticos,0
REVLON ESMALTE N0 365,Cosméticos,0
REVLON ESMALTE N0 912,Cosméticos,0
REVLON ESMALTE N09 370,Cosméticos,0
REVLON ESMALTE NO 670,Cosméticos,0
REVLON ESMALTE NO 909,Cosméticos,0
REVLON LAPIZ DE LABIOS LARGA DURACION COLOR STAY 060,Cosméticos,0
REVLON LAPIZ LABIAL LARGA DURACION 001,Cosméticos,0
REVLON LAPIZ LABIAL LARGA DURACION 085,Cosméticos,0
REVLON LAPIZ LABIAL LARGA DURACION 631,Cosméticos,0
REVLON LAPIZ LABIAL LARGA DURACION 643,Cosméticos,0
REVLON LAPIZ LABIAL LARGA DURACION 805,Cosméticos,0
REVLON LAPIZ Y GEL PARA CEJAS 105,Cosméticos,0
REVLON ORANGE 365,Cosméticos,0
REVLON RIMEL 001,Cosméticos,0
REVLON RIMEL NEGRO 003,Cosméticos,0
REVLON RUBOR EN POLVO NO 180,Cosméticos,0
REVLON RUBOR PROTOREADY NO 001,Cosméticos,0
REVLON SACAPUNTA,Cosméticos,0
REVLON SCENTED 375,Cosméticos,0
REVLON SUPER LUSTROUS LIP GLOSS,Cosméticos,0
REVLON SUPER LUSTROUS LIP GLOSS,Cosméticos,0
REVLON SUPER LUSTROUS LIP GLOSS KISS,Cosméticos,0
REVLON SUPER LUSTROUS LIP GLOSS PINK,Cosméticos,0
REVLON ULTRA HD LIPSTICK GLADIOLUS L´OREAL,Cosméticos,0
REVLON ULTRA HD LIPSTICK ORCHID L´OREAL,Cosméticos,0
RUBOR 007 MELON DRAMA REVLON,Cosméticos,0
RUBOR EN POLVO HAUTE PINK 002 REVLON,Cosméticos,0
RUBOR EN POLVO PARA MEJILLAS 001 REVLON,Cosméticos,0
RUBOR EN POLVO PARA MEJILLAS 009 REVLON,Cosméticos,0
RUBOR EN POLVO PARA MEJILLAS 010 REVLON,Cosméticos,0
RUBOR EN POLVO PARA MEJILLAS NEUTRAL 003 REVLON,Cosméticos,0
RUBOR EN POLVO PLAY FUL PLUM REVLON,Cosméticos,0
RUBOR ILUMINADOR PARA ROSTRO BRONZE GLOW REVLON,Cosméticos,0
RUBOR ILUMINADOR PARA ROSTRO ROSE GLOW 020 REVLON,Cosméticos,0
RUBOR SULTRY SIENNA REVLON,Cosméticos,0
SALLY HANSEN COLOR CARE 4660-28-,Cosméticos,0
SALLY HANSEN COLOR QUICK 19 WHITE SALLYHANSEN,Cosméticos,0
SALLY HANSEN COLOR THERAPY 340 SALLYHANSEN,Cosméticos,0
SALLY HANSEN COMPLETE SALON 190 SHEER BLISS 14.7 ML SALLYHANSEN,Cosméticos,0
SALLY HANSEN COMPLETE SALON 540 FRUTTI PETTUTIE 14.7 ML,Cosméticos,0
SALLY HANSEN COMPLETE SALON 570 RIGHT SAID RED 14.7 ML,Cosméticos,0
SALLY HANSEN CUTIDE RETIAB 41053 8.8 ML,Cosméticos,0
SALLY HANSEN DIAMOND 370,Cosméticos,0
SALLY HANSEN DIAMOND STRENGTH 370 RED VELVET 13.3 ML SALLYHANSEN,Cosméticos,0
SALLY HANSEN DIAMOND STRENGTH 45 FUCSIA BLINGBLING 13.3 SALLYHANSEN,Cosméticos,0
SALLY HANSEN ESMALTE MEGA SHINE 12.7 ML,Cosméticos,0
SALLY HANSEN ESMALTES DRYKWIK 13.3 ML,Cosméticos,0
SALLY HANSEN ESMALTES FUNGOS 30.0 ML,Cosméticos,0
SALLY HANSEN ESMALTES VITAMINA E NAIL CUTICLE OIL 13.3 ML,Cosméticos,0
SALLY HANSEN INSTA-DRI 360 SALLYHANSEN,Cosméticos,0
SALLY HANSEN MEGA SHINE 12.7 ML,Cosméticos,0
SALLY HANSEN NAIL COLOR 340 SALLYHANSEN,Cosméticos,0
SALLY HANSEN NAIL COLOR 470,Cosméticos,0
SALLY HANSEN NAIL COLOR N0 150,Cosméticos,0
SALLY HANSEN NAIL COLOR NO 430,Cosméticos,0
SALLY HANSEN SALON 440 SALLYHANSEN,Cosméticos,0
SALLY HANSEN SALON MANICURE 510,Cosméticos,0
SALLY HANSEN SALON MANICURE 540,Cosméticos,0
SALLY HANSEN SALON MANICURE 560,Cosméticos,0
SALLY HANSEN SALON MANICURE 620 SALLYHANSEN,Cosméticos,0
SALLY HANSEN SALON MANICURE NO 530,Cosméticos,0
SALLY HANSEN STREME WEAR 370 BLACK OUT,Cosméticos,0
SALLY HANSEN VITAMIN E NAIL Y CUTICLE 13.3 ML,Cosméticos,0
SALLY HANSEN WEAR 81,Cosméticos,0
SALLY HANSEN XTREME WEAR 120 HOT MAGENTA 11.8 ML SALLYHANSEN,Cosméticos,0
SALLY HANSEN XTREME WEAR 210 SALLYHANSEN,Cosméticos,0
SALLY HANSEN XTREME WEAR 405 CORAL 11.8 ML SALLYHANSEN,Cosméticos,0
SALLY HANSEN XTREME WEAR 410 SALLYHANSEN,Cosméticos,0
SCENTED NAIL ENAMEL BEACH,Cosméticos,0
SCENTED NAIL ENAMEL WILD VIOLETS,Cosméticos,0
SH MIRACLE GELWINE STOCK,Cosméticos,0
SHELL WE DANCE 210 SALLYHANSEN,Cosméticos,0
SINFUL COLOR 854 SINFULCOLORS,Cosméticos,0
SINFUL COLOR 947 SINFULCOLORS,Cosméticos,0
SINFUL PINK FOREVER 313 SINFULCOLORS,Cosméticos,0
SINFULCOLORS NAIL L´OREAL,Cosméticos,0
SINFULLCOLOR NAIL ENAMEL RISE Y SHINE,Cosméticos,0
SINFULLCOLOR NAIL ENAMEL SOCIAL,Cosméticos,0
SOMBRA P/ OJOS O CEJAS CHOCOLATE REVLON,Cosméticos,0
SOMBRA P/ OJOS O CEJAS COCOA REVLON,Cosméticos,0
SOMBRA PARA LOS OJOS 500 REVLON,Cosméticos,0
SOMBRA PARA LOS OJOS 520 REVLON,Cosméticos,0
SOMBRA PARA LOS OJOS 525 REVLON,Cosméticos,0
SOMBRA PARA LOS OJOS 560 REVLON,Cosméticos,0
SOMBRA PARA LOS OJOS 595 REVLON,Cosméticos,0
SOMBRA PARA OJOS 505 REVLON,Cosméticos,0
SOMBRA PARA OJOS 515 REVLON,Cosméticos,0
SOMBRA PARA OJOS 540 REVLON,Cosméticos,0
SOMBRA PARA OJOS 555 REVLON,Cosméticos,0
SOMBRA PARA PARPADOS HASTA POR 12 HORAS 365 REVLON,Cosméticos,0
SUPER LOUSTROUS CREME LIPSTICK BERRY,Cosméticos,0
SUPER LOUSTROUS LIPSTICK CORALBERRY REVLON,Cosméticos,0
SUPER LUSTROUS CREME LIPS CHERRIES 440 REVLON,Cosméticos,0
SUPER LUSTROUS LIP STICK CHERRY,Cosméticos,0
SUPER LUSTROUS LIP STICK FOXY,Cosméticos,0
SUPER LUSTROUS LIP STICK REVLON RED,Cosméticos,0
THE REAL 480 SALLYHANSEN,Cosméticos,0
TRIPLE STRONG,Cosméticos,0
TRIPLE STRONG 3-1 PROTECTION FOTALECEDOR SALLYHANSEN,Cosméticos,0
TRUBLEND BLUSH DEEP MAVE,Cosméticos,0
TRUBLEND BLUSH MEDIUM ROSE,Cosméticos,0
TRUBLEND BRONZER BRONZE,Cosméticos,0
ULTIMATE SU,Cosméticos,0
ULTIMATE SU LIPSTICK,Cosméticos,0
ULTIMATE SUEDE LIP STICK PREVIEW,Cosméticos,0
ULTRA HD MATTE LIPCOLOR ADDICTION REVLON,Cosméticos,0
ULTRA HD MATTE LIPCOLOR DEVOTION REVLON,Cosméticos,0
ULTRA HD MATTE LIPCOLOR DEVOTION REVLON,Cosméticos,0
ULTRA HD MATTE LIPCOLOR FURTATION REVLON,Cosméticos,0
ULTRA HD MATTE LIPCOLOR OBSESSION REVLON,Cosméticos,0
ULTRA HD MATTE LIPCOLOR SEDUCTION REVLON,Cosméticos,0
ULTRA HD MATTE LIPCOLOR SPARK REVLON,Cosméticos,0
ULTRA VOLUME BLACKEST BLACK REVLON,Cosméticos,0
ULTRA VOLUME M BLACKEST ASCARA REVLON,Cosméticos,0
UP IN CHARMS 015 SALLYHANSEN,Cosméticos,0
VARNIS DE UNAS REVLON,Cosméticos,0
VARNIS DE UNAS REVLON,Cosméticos,0
XTREME WEAR HOT TAMALE,Cosméticos,0
XTREME WEAR NAIL COLOR WHITE THE,Cosméticos,0
45 DAYS 2 EN 1 TOTAL COLOR CARE 275ML DARK REVLON,Cuidado Capilar,0
45 DAYS 2 EN 1 TOTAL COLOR CARE 275ML INTENSE COPPERS REVLON,Cuidado Capilar,0
45 DAYS 2 EN 1 TOTAL COLOR CARE 275ML REDS REVLON,Cuidado Capilar,0
45 DAYS 2 EN 1 TOTAL COLOR CARE 275ML ROSA REVLON,Cuidado Capilar,0
45 DAYS 2 EN 1 TOTAL COLOR CARE 275ML SENSUAL BRUNETTES REVLON,Cuidado Capilar,0
ABSOLUT REPAIR LIPIDIUM 250ML L´OREAL,Cuidado Capilar,0
ACONDICIONADOR BLOND HAIR SALVATORE,Cuidado Capilar,0
ACONDICIONADOR CREMA REVITALIZANTE PH COLOR ROJO ALFAPARF MILANO,Cuidado Capilar,0
ACONDICIONADOR CURLY HAIR SALVATORE,Cuidado Capilar,0
ACONDICIONADOR DESENREDANTE SIN ACLARADO (CELESTE) REVLON,Cuidado Capilar,0
ACONDICIONADOR DESENREDANTE SIN ACLARADO P/ REVLON,Cuidado Capilar,0
ACONDICIONADOR DESENREDANTE SIN ACLARADO PARA REVLON,Cuidado Capilar,0
ACONDICIONADOR MOISTURIZER SALVATORE,Cuidado Capilar,0
ACONDICIONADOR RECONSTRUCTOR INSTANTANEO 1500 L´OREAL,Cuidado Capilar,0
ACONDICIONADOR REESTRUCTURING SALVATORE,Cuidado Capilar,0
ACONDICIONADOR SCALP TREATMENT SALVATORE,Cuidado Capilar,0
ACONDICIONADOR TERAPEUTICO PARA PELIRROJAS Y TIGI,Cuidado Capilar,0
ACONDICIONADOR TIGI CURLS COLLECTION 250 ML,Cuidado Capilar,0
ACONDICIONADOR TIGI EPIC VOLUME 200 ML,Cuidado Capilar,0
ACONDICIONADOR TIGI GI DEFCURLS 200 ML,Cuidado Capilar,0
ACONDICIONADOR TIGI RECOVERY ANTIDOTES 200 ML,Cuidado Capilar,0
ACONDICIONADOR TIGI REENERGIZE URBAN 200 ML,Cuidado Capilar,0
ACONDICIONADOR TIGI RESERRECTION URBAN 200 ML,Cuidado Capilar,0
ACONDICIONBADOR TIGI DUMB BLONDE 200 ML,Cuidado Capilar,0
ALFA PARF SEMI DI LINO - COLOR PROTECTION 250ML,Cuidado Capilar,0
ALFA PARF SEMI DI LINO - ILLUMINATING 250ML,Cuidado Capilar,0
ANTI USURE ARCHITECT 250ML KERASTASE,Cuidado Capilar,0
BAIN ANTI DANDRUF 250 KERASTASE,Cuidado Capilar,0
BAIN CHROMA RICHE KERASTASE,Cuidado Capilar,0
BAIN CRISTALISTE 250ML KERASTASE,Cuidado Capilar,0
BAIN DIVALENT 250ML KERASTASE,Cuidado Capilar,0
BAIN FLUIDEALISTE ANTIFRIZZ KERASTASE,Cuidado Capilar,0
BAIN FORCE ARCHITECT 100ML KERASTASE,Cuidado Capilar,0
BAIN FORCE ARCHITECT 250ML KERASTASE,Cuidado Capilar,0
BAIN FORCE ARCHITECT 250ML KERASTASE,Cuidado Capilar,0
BAIN PELLICULAIRE ANTI DANDRUFF 1000 KERASTASE,Cuidado Capilar,0
BAIN RICHE DERMO CALM 250ML KERASTASE,Cuidado Capilar,0
BAIN SATIN 1 150ML KERASTASE,Cuidado Capilar,0
BAIN VITAL DERMO CALM 250ML KERASTASE,Cuidado Capilar,0
BALSAMO PROTECTOR DE COLOR 250ML ALFAPARF MILANO,Cuidado Capilar,0
CADIVEU - BOSSANOVA 250ML,Cuidado Capilar,0
CADIVEU ACONDICIONADOR BOSSENOVA 250 ML,Cuidado Capilar,0
CASTANO CLARO 5 L´OREAL,Cuidado Capilar,0
CASTANO CLARO NATURAL MATE 5.07 L´OREAL,Cuidado Capilar,0
CASTANO MEDIANO 4/0 WELLA,Cuidado Capilar,0
CASTANO OSCURO 3/0 WELLA,Cuidado Capilar,0
CHAMPU REPARADOR RECONSTRUCTOR P/ CABELLO DANADO KERASTASE,Cuidado Capilar,0
COLOR METHOD ULTRA VIOLET SHAMPOO ESPECIFICO PARA,Cuidado Capilar,0
CREMA ABSOLUT REPAIR CELLULAR C/E 750 ML,Cuidado Capilar,0
CREMA BLONDE VITAMINO COLOR 150ML L´OREAL,Cuidado Capilar,0
DAYERL CAB EQUILIB L´OREAL,Cuidado Capilar,0
DENSIFIQUE BAIN REMOD 250ML KERASTASE,Cuidado Capilar,0
DENSIFIQUE BAIN REMOD. SISTEMOX 1000ML KERASTASE,Cuidado Capilar,0
DENSIFIQUE BAIN REMOD. SISTEMOX 250ML KERASTASE,Cuidado Capilar,0
DEYERLI CABELLOS SECOS 250ML,Cuidado Capilar,0
DEYERLI CONTROL Y BRILLO 250ML,Cuidado Capilar,0
DICIPLINE FONDANT 200ML KERASTASE,Cuidado Capilar,0
DICIPLINE FONDANT MLT 1000ML KERASTASE,Cuidado Capilar,0
DICIPLINE KERATINE 500ML KERASTASE,Cuidado Capilar,0
EMULSION D`EYERLY L´OREAL,Cuidado Capilar,0
EMULSION MULTIVITAMINAS 250ML SILKEY PROFESIONAL,Cuidado Capilar,0
ENERGY SHAMPOO 200ML ALFAPARF MILANO,Cuidado Capilar,0
EQ. 200ML L´OREAL,Cuidado Capilar,0
EXEPCIONAL SHAMPOO DE NUTRICION 250ML KERASTASE,Cuidado Capilar,0
EXFOLIANT PURIFIANT 1000ML KERASTASE,Cuidado Capilar,0
FLUIDEALISTE ANTI FRIZZ KERASTASE,Cuidado Capilar,0
FLUIDO DE NUTRICION 200ML KERASTASE,Cuidado Capilar,0
FLUIDO NUTRITIVO DE ALTA LIGERESA PARA CABELLOS KERASTASE,Cuidado Capilar,0
ILLUMINATING SHAMPOO 1L,Cuidado Capilar,0
ILUMINATING ACONDICIONADOR CAPILAR 250ML ALFAPARF MILANO,Cuidado Capilar,0
KER BAIN SATIN 1 250ML KERASTASE,Cuidado Capilar,0
KER BAIN SATIN NO 2 250 ML,Cuidado Capilar,0
KER NUIT LAIT VITAL 1000ML KERASTASE,Cuidado Capilar,0
KER NUT BAIN SATIN 1 1000 ML (RENOV.),Cuidado Capilar,0
KER NUT BAIN SATIN 2 1000 ML (RENOVOV.),Cuidado Capilar,0
KER NUT FLUIDO OLEO RELAX 125ML KERASTASE,Cuidado Capilar,0
KER NUT LAIT VITAL 200ML KERASTASE,Cuidado Capilar,0
KER NUT NUTRI THERMIQUE BAIN 1000 ML,Cuidado Capilar,0
KER REF BAIN CHROMACAPTIVE 250ML KERASTASE,Cuidado Capilar,0
KER RES CIMENT ANTI USURE 200ML KERASTASE,Cuidado Capilar,0
KERASTASE BAIN CHROMACAPTIVE 1000 ML,Cuidado Capilar,0
KERASTASE BAIN CRHOMA RICHE 1000 ML,Cuidado Capilar,0
KERASTASE BAIN DIVALENT 1000 ML,Cuidado Capilar,0
KERASTASE BAIN GOMAGE (GRASO) 250ML,Cuidado Capilar,0
KERASTASE BAIN OLEO RELAX 250 ML,Cuidado Capilar,0
KERASTASE BAIN RICHE DERMO CALM 250 ML,Cuidado Capilar,0
KERASTASE DICIPLINE FONDANT FLUIDEALISTE CREMA CAPILAR,Cuidado Capilar,0
KERASTASE DICIPLINE FONDANT MLT200ML,Cuidado Capilar,0
KERASTASE LAIT CRISTALLISTE 1000 ML,Cuidado Capilar,0
LAPIZ LABIAL HUMECTANTE 055 REVLON,Cuidado Capilar,0
LOREAL ABSOLUT REPAIR CELLULAR 250ML L´OREAL,Cuidado Capilar,0
LOREAL ACONDICIONADOR LISS UNLIMITED 150ML L´OREAL,Cuidado Capilar,0
LOREAL AGE DESINFORCE 500ML L´OREAL,Cuidado Capilar,0
LOREAL CREMA REPAIR CELLULAR 750 ML,Cuidado Capilar,0
LOREAL CREMA VITAMINO COLOR 150 ML RENOVACION,Cuidado Capilar,0
LOREAL CREMA VITAMINO COLOR 750 ML RENOVACION,Cuidado Capilar,0
LOREAL CREMA VITAMINO COLOR 750 ML RENOVACION L´OREAL,Cuidado Capilar,0
LOREAL FORCE VECTOR 250 ML L´OREAL,Cuidado Capilar,0
LOREAL INSTANT CLEAR 500 ML L´OREAL,Cuidado Capilar,0
LOREAL LP MYTHIC OIL SHAMPOO 250 ML,Cuidado Capilar,0
LOREAL MYTHIC OIL SHAMPOO 250 ML,Cuidado Capilar,0
LOREAL MYTHIC OIL SHAMPOO 250 ML L´OREAL,Cuidado Capilar,0
LOREAL MYTHIC OIL SHAMPOO 750 ML KERASTASE,Cuidado Capilar,0
LOREAL SENCI BALANCE 250 ML L´OREAL,Cuidado Capilar,0
LOREAL SH VITAMINO COLOR 250 ML RENOVACION,Cuidado Capilar,0
LOREAL SHAMPOO PURE RESOURCE 250ML L´OREAL,Cuidado Capilar,0
LOREAL SHAMPOO VITAMINO COLOR 1500 ML RENOVACION,Cuidado Capilar,0
LOREAL SHINE BLONDE 150 ML,Cuidado Capilar,0
LOREAL SHINE BLONDE 250 ML L´OREAL,Cuidado Capilar,0
LOREAL SHINE BLONDE TTO. ILUMINADOR 150ML L´OREAL,Cuidado Capilar,0
LOREAL SHINE CURL 150ML L´OREAL,Cuidado Capilar,0
LOREAL SILVER 250 ML L´OREAL,Cuidado Capilar,0
LOREAL VITAMINO COLOR 150 ML L´OREAL,Cuidado Capilar,0
LOREAL VITAMINO COLOR 250 ML,Cuidado Capilar,0
LP MYTHIC M SHAMPOO 750 ML KERASTASE,Cuidado Capilar,0
LUMINOSO PERFECTO 200ML KERASTASE,Cuidado Capilar,0
MAGISTRAL BAIN 1000ML KERASTASE,Cuidado Capilar,0
MAGISTRAL BAIN 250ML KERASTASE,Cuidado Capilar,0
MAGISTRAL CREME BALSAMO 150ML KERASTASE,Cuidado Capilar,0
MAGISTRAL FONDANT 1000ML KERASTASE,Cuidado Capilar,0
MAGISTRAL FONDANT 200ML KERASTASE,Cuidado Capilar,0
MAGISTRAL MASQUE 500ML KERASTASE,Cuidado Capilar,0
MAGISTRAL SOIN N1 MASQUE 500ML KERASTASE,Cuidado Capilar,0
MAGISTRAL SOIN N2 MASQUE 200ML KERASTASE,Cuidado Capilar,0
MAGISTRAL SOIN N2 MASQUE PROTOCOLE 500ML KERASTASE,Cuidado Capilar,0
MARRON TE HELADO 6.35 L´OREAL,Cuidado Capilar,0
MIEL NATURAL 7.13 L´OREAL,Cuidado Capilar,0
MILK SHAKE GLASEADO 9.01 L´OREAL,Cuidado Capilar,0
MOKA LATE 7.8 L´OREAL,Cuidado Capilar,0
NEGRO AZULADO 2.10 L´OREAL,Cuidado Capilar,0
NUT NEW NECTAR THERMIQUE 150ML KERASTASE,Cuidado Capilar,0
NUTRICION CAPILAR DAYERLY L´OREAL,Cuidado Capilar,0
NUTRIFIER ACONDICIONADOR 150ML KERASTASE,Cuidado Capilar,0
NUTRIFIER ACONDICIONADOR 750ML,Cuidado Capilar,0
NUTRIFIER SHAMPOO 1500ML,Cuidado Capilar,0
NUTRIFIER SHAMPOO 250ML KERASTASE,Cuidado Capilar,0
OMEGA 6 NUTRI COMPLEX SHAMPOO DENSIFICADOR PARA L´OREAL,Cuidado Capilar,0
PROYOU WHITE HAIR 350ML REVLON,Cuidado Capilar,0
REALZA LOS RULOS DEJANDOLOS PERFECTAMENTE DEFINIDOS KERASTASE,Cuidado Capilar,0
REVLON DEYERLI CABELLOS EQUILIBRADOS 250ML,Cuidado Capilar,0
REVLON PROYOU ANTI-HAIR LOSS 350ML,Cuidado Capilar,0
REVLON SHAMPOO WHITE HAIR PROYOU 350ML REVLON PROYOU,Cuidado Capilar,0
RUBIO CLARO 8/0 WELLA,Cuidado Capilar,0
RUBIO DORADO INTENSO 7.30 L´OREAL,Cuidado Capilar,0
RUBIO EXTRA CLARO NATURAZ CENIZA 9/01 WELLA,Cuidado Capilar,0
RUBIO OSCURO DORADO 6.3 L´OREAL,Cuidado Capilar,0
RUBIO OSCURO DORADO 6.3 L´OREAL,Cuidado Capilar,0
RUBIO OSCURO INTENSO ROJO CAOBA 66/45 WELLA,Cuidado Capilar,0
SE ABSOLUT REPAIR LIPIDIUM ACOND 750ML,Cuidado Capilar,0
SE SH LUMINO CONTRAST 300ML,Cuidado Capilar,0
SE VITAMINO COLOR A-OX SHAMPOO 300ML,Cuidado Capilar,0
SE VITAMINO COLOR A-OX SHAMPOO 750ML,Cuidado Capilar,0
SH PURE RESOURCE 1500ML,Cuidado Capilar,0
SH PURE RESOURCE 250 ML LOREAL L´OREAL,Cuidado Capilar,0
SH SENSI BALANCE 500ML L´OREAL,Cuidado Capilar,0
SHAMPO DE ALTA NUTRICION PARA CABELLOS KERASTASE,Cuidado Capilar,0
SHAMPOO BALSAMO REGENERADOR DE FIBRA NUEVA P/ KERASTASE,Cuidado Capilar,0
SHAMPOO BLOND HAIR SALVATORE,Cuidado Capilar,0
SHAMPOO COLOR CLEAR P/ BRILLO L´OREAL,Cuidado Capilar,0
SHAMPOO COLOR RADIANTE 250ML KERASTASE,Cuidado Capilar,0
SHAMPOO CURLY HAIR SALVATORE,Cuidado Capilar,0
SHAMPOO DERMO-CALMANTE 250ML REVLON,Cuidado Capilar,0
SHAMPOO DESENREDANTE 250ML REVLON,Cuidado Capilar,0
SHAMPOO DETOXIFICANTE Y EQUILIBRANTE 350ML REVLON PROYOU,Cuidado Capilar,0
SHAMPOO EQUILIBRANTE 250ML KERASTASE,Cuidado Capilar,0
SHAMPOO FIJADOR DE COLOR 250ML L´OREAL,Cuidado Capilar,0
SHAMPOO FIJADOR DE COLOR 500ML L´OREAL,Cuidado Capilar,0
SHAMPOO HIDRATANTE ANTIFOFORA 200ML KERASTASE,Cuidado Capilar,0
SHAMPOO HIDRONUTRITIVO 250ML REVLON,Cuidado Capilar,0
SHAMPOO HIPOALERGENICO PARA CUERO CABELLUDO KERASTASE,Cuidado Capilar,0
SHAMPOO ILUMINADOR PARA CABELLOS CON MECHAS 1500ML L´OREAL,Cuidado Capilar,0
SHAMPOO ILUMINADOR PARA CABELLOS CON MECHAS 250ML L´OREAL,Cuidado Capilar,0
SHAMPOO INTENSIFICADOR DE BRILLO 200ML KERASTASE,Cuidado Capilar,0
SHAMPOO LUMINOSIDAD PARA CABELLOS GRISES Y BLANCOS L´OREAL,Cuidado Capilar,0
SHAMPOO LUMINOSO 250ML KERASTASE,Cuidado Capilar,0
SHAMPOO LUMINOSO PERFECTO 250ML KERASTASE,Cuidado Capilar,0
SHAMPOO MOISTURIZER SALVATORE,Cuidado Capilar,0
SHAMPOO NUTRICION COMPLETA PARA CABELLOS NORMALES KERASTASE,Cuidado Capilar,0
SHAMPOO NUTRICION COMPLETA PARA CABELLOS SECOS 250ML KERASTASE,Cuidado Capilar,0
SHAMPOO NUTRITIVO 250ML L´OREAL,Cuidado Capilar,0
SHAMPOO PARA CABELLOS COLOREADOS 1000ML KERASTASE,Cuidado Capilar,0
SHAMPOO PARA REAVIVAR LOS CABELLOS BLANCOS Y GRISES REVLON PROYOU,Cuidado Capilar,0
SHAMPOO PEARL 250ML ALFAPARF MILANO,Cuidado Capilar,0
SHAMPOO PERFECCIONADOR DE LUMINOSIDAD PARA CABELOS KERASTASE,Cuidado Capilar,0
SHAMPOO PROLONGADOR DEL COLOR 1000ML KERASTASE,Cuidado Capilar,0
SHAMPOO PROTECTOR DE COLOR 250ML REVLON,Cuidado Capilar,0
SHAMPOO PROTECTOR DEL COLOR 1250ML REVLON,Cuidado Capilar,0
SHAMPOO PROTECTOR PARA COLORES DELICADOS 250ML L´OREAL,Cuidado Capilar,0
SHAMPOO PROTECTOR PARA COLORES DELICADOS 500ML L´OREAL,Cuidado Capilar,0
SHAMPOO PURIFICANTE 1500ML L´OREAL,Cuidado Capilar,0
SHAMPOO PURIFICANTE ANTI-CASPA 250ML L´OREAL,Cuidado Capilar,0
SHAMPOO PURIFICANTE ANTIFOSFORA 200ML KERASTASE,Cuidado Capilar,0
SHAMPOO RECONSTITUYENTE ANTI FOTO-DESGASTE PARA KERASTASE,Cuidado Capilar,0
SHAMPOO RECONSTRUCTOR DE MATRERIA PARA CABELLOS KERASTASE,Cuidado Capilar,0
SHAMPOO RECONSTRUCTOR INSTANTANEO 250ML L´OREAL,Cuidado Capilar,0
SHAMPOO RECONTRUCTOR INSTANTANEO 750ML L´OREAL,Cuidado Capilar,0
SHAMPOO REESTRUCTURING SALVATORE,Cuidado Capilar,0
SHAMPOO REGULADOR 250ML KERASTASE,Cuidado Capilar,0
SHAMPOO REGULARIZADOR NORMAL 250ML KERASTASE,Cuidado Capilar,0
SHAMPOO REPARADOR CELULAR CABELLOS MUY L´OREAL,Cuidado Capilar,0
SHAMPOO REPARADOR ILUMINADOR PARA CABELLOS RUBIOS L´OREAL,Cuidado Capilar,0
SHAMPOO RESTAURADOR DE QUERATINA PARA CABELLOS L´OREAL,Cuidado Capilar,0
SHAMPOO SUAVE ANTICASPA PARA CABELLOS SECOS 250ML KERASTASE,Cuidado Capilar,0
SHAMPOO SUAVIZANTE CABELLOS REBELDES 250ML KERASTASE,Cuidado Capilar,0
SHAMPOO SUAVIZANTE CABELLOS REBELDES 250ML L´OREAL,Cuidado Capilar,0
SHAMPOO TERMO-REACTIVADOR 250ML KERASTASE,Cuidado Capilar,0
SHAMPOO TIGI COLOUR GODDES COMBAT 250 ML,Cuidado Capilar,0
SHAMPOO TIGI RE ENERGIZE URBAN 250 ML,Cuidado Capilar,0
SHINE BLONDE L´OREAL,Cuidado Capilar,0
TERRACOTA 7.35 L´OREAL,Cuidado Capilar,0
TGI SOME LIKE IT HOT 250ML,Cuidado Capilar,0
THERAPISTE 450ML KERASTASE,Cuidado Capilar,0
TIGI ANTI RECOVERY 200 ML,Cuidado Capilar,0
TIGI COLOR SUBLIME 250ML,Cuidado Capilar,0
TIGI COLOUR GODDESS 250ML,Cuidado Capilar,0
TIGI CURLESQUE CATWALK 250ML,Cuidado Capilar,0
TIGI CURLESQUE LEAVE-IN 215 ML,Cuidado Capilar,0
TIGI DUMB BLANDE 250ML,Cuidado Capilar,0
TIGI EXTREM STRAIGHT 250ML,Cuidado Capilar,0
TIGI HI DEF CURLS 200 ML,Cuidado Capilar,0
TIGI HI-DEF-CURLS 250ML,Cuidado Capilar,0
TIGI PEARL SHAMPOO 250ML,Cuidado Capilar,0
TIGI SELF ABSORBED 200 ML,Cuidado Capilar,0
TIGI URBAN ANTI + DOTES 200 ML,Cuidado Capilar,0
TIGI URBAN ANTIT 250ML,Cuidado Capilar,0
TIGI URBAN ANTITDOTES RESYRRECTION 250ML,Cuidado Capilar,0
TIGI YOUR HIGHNESS,Cuidado Capilar,0
TRATAMIENTO CORRECTOR RESTAURADOR DE KERATINA 750ML L´OREAL,Cuidado Capilar,0
TRATAMIENTO DE ALTA NUTRICION 200ML KERASTASE,Cuidado Capilar,0
TRATAMIENTO DE ALTA NUTRICION PARA CABELLOS KERASTASE,Cuidado Capilar,0
TRATAMIENTO FIJADOR DE COLOR 150ML L´OREAL,Cuidado Capilar,0
TRATAMIENTO RECONSTRUCTOR INSTANTANEO 150ML L´OREAL,Cuidado Capilar,0
TRATAMIENTO REFORZADOR 150 ML L´OREAL,Cuidado Capilar,0
TRATAMIENTO REGENERADOR PROGRESIVO 5 DOSIS ALFAPARF MILANO,Cuidado Capilar,0
TRATAMIENTO REPARADOR CELULAR CABELLOS MUY L´OREAL,Cuidado Capilar,0
TRATAMIENTO REPARADOR CELULAR CABELLOS MUY L´OREAL,Cuidado Capilar,0
TRATAMIENTO RESTAURADOR DE QUERATINA PARA CABELLOS L´OREAL,Cuidado Capilar,0
TRATANTE CON KERATINA Y ELASTINA 200ML ARUAL,Cuidado Capilar,0
VITAMINO COLOR 1500ML KERASTASE,Cuidado Capilar,0
VITAMINO COLOR 150ML L´OREAL,Cuidado Capilar,0
VITAMINO COLOR 250ML L´OREAL,Cuidado Capilar,0
VITAMINO COLOR 750ML KERASTASE,Cuidado Capilar,0
VITAMINO COLOR A-OX SH 150ML L´OREAL,Cuidado Capilar,0
VITAMINO COLOR A-OX SH 250ML L´OREAL,Cuidado Capilar,0
VITAMINO COLOR A-OX SH 500ML L´OREAL,Cuidado Capilar,0
VITAMINO COLOR FRESH FEEL 150ML L´OREAL,Cuidado Capilar,0
ACEITE CORPORAL DE COCO 300ML NATURAL HONEY,Cuidado Corporal,0
ACEITE DE ARGAN QUE PROPORCIONA UN BANO DE EXOTISMO NATURAL HONEY,Cuidado Corporal,0
AVENA 100% NATURAL QUE PROPORCIONA SUAVIDAD NATURAL HONEY,Cuidado Corporal,0
"CON OMEGA 3,6 Y 9 REVITALIZANTE DE LA PIEL 330ML NATURAL HONEY",Cuidado Corporal,0
CON VITAMINA E HIDRATANTE Y ANTIOXIDANTE 300ML NATURAL HONEY,Cuidado Corporal,0
CREMA JABONOSA 100ML EXEL,Cuidado Corporal,0
EMULSION CORPORAL NUTRI-ACTIVA 250ML EXEL,Cuidado Corporal,0
EXTRACTO DE LIRIO DE AGUA Q POSEE EFECTO RELAJANTE Y NATURAL HONEY,Cuidado Corporal,0
EXTRACTO DE TE BLANCO QUE PROPORCIONA UN BANO DE NATURAL HONEY,Cuidado Corporal,0
EXTRACTO DE TE VERDE ESTIMULA Y RELAJA EN EL BANO NATURAL HONEY,Cuidado Corporal,0
KERASTASE MASQUE CRHOMA RICHE 200 ML,Cuidado Corporal,0
LOCION BENEFICIOS 7 EN 1 330ML NATURAL HONEY,Cuidado Corporal,0
LOCION NUTRITIVA SENSORIAL 25% ACEITES HIDRATANTES NATURAL HONEY,Cuidado Corporal,0
MIEL 100% NATURAL CON EXTRACTO DE PROPOLIS QUE NUTRE NATURAL HONEY,Cuidado Corporal,0
PIEL CON CELULITIS EXTRACTO DE SOJA ALGAS MARINAS 400ML NATURAL HONEY,Cuidado Corporal,0
PIEL MUY SECA MIEL 100% NATURAL ACEITE DE ALMENDRAS NATURAL HONEY,Cuidado Corporal,0
PIEL NORMAL Y SECA MIEL 100% NATURAL ACEITE DE NATURAL HONEY,Cuidado Corporal,0
REVLION CREMA ARUAL,Cuidado Corporal,0
CREMA LOPOSOMA CON ACIDO HIALURONICO LACA,Cuidado Facial,0
EXEL CLEASING LOTION 250 ML,Cuidado Facial,0
EXEL HERBAL PURIFING 250 ML,Cuidado Facial,0
EXEL LOCIONE VEGETALE 250 ML,Cuidado Facial,0
GEL DE LIMPIEZA PROTECTOR LACA,Cuidado Facial,0
LAPIZ SECATIVO 3.5 LACA,Cuidado Facial,0
LAPIZ SECATIVO LACA,Cuidado Facial,0
LOCION TONIFICANTE CON COLAGENO 250ML EXEL,Cuidado Facial,0
SERUM LIPOSOMADO HIALURONICO LACA,Cuidado Facial,0
SINFULCOLORS NAIL RUBY RUBY L´OREAL,Cuidado Facial,0
LOREAL ACONDICIONADOR APLICACION,Insumos,0
LOREAL SHAMPOO APLICACION,Insumos,0
BAR,Otros,0
BIJOU OTROS,Otros,0
BIJU,Otros,0
COLOR METHOD QUITAMANCHAS 250ML,Otros,0
DESCUENTO,Otros,0
HEBILLITAS,Otros,0
PROPINA,Otros,0
SECADOR,Otros,0
SHAMPOO LOREAL PARIS 50 ML,Otros,0
XTREME WEAR PUCKER UP,Otros,0
ACEITE 50ML L´OREAL,Productos de terminacion,0
ACEITE NOURISHING 50ML L´OREAL,Productos de terminacion,0
ACEITE REPARADOR 2X15ML KERASTASE,Productos de terminacion,0
ALFA PAR COLOR ILLUMINORTING 30 ML,Productos de terminacion,0
ALFA PAR CRISTALLI LIQUIDI 50 ML,Productos de terminacion,0
ALFAPARF ACEITE SEMILLA DE LINO 30ML,Productos de terminacion,0
BRILLO REPARADOR DISCIPLINANTE 125ML REVLON,Productos de terminacion,0
CADIVEU MAXI ONDAS TERMINACION 200 ML,Productos de terminacion,0
COLOR PROTECTION CRYSTAL 30 ML ALFAPARF MILANO,Productos de terminacion,0
COLORKEY MILENIUM,Productos de terminacion,0
CREMA PROTECTOR SOLEIL 150ML KERASTASE,Productos de terminacion,0
CREMA RESTAURADORA DE QUERATINA PARA CABELLOS L´OREAL,Productos de terminacion,0
DEFINE Y PROLONGA EL ALISADO 350ML REVLON PROYOU,Productos de terminacion,0
DICIPLINE FLUIDISSIME KERASTASE,Productos de terminacion,0
DOBLE SERUM ESCULTOR BRILLO LIGERESA Y MOVIMIENTO KERASTASE,Productos de terminacion,0
DOBLE SERUM RENOVADOR DE MATERIA PARA LARGOS MUY KERASTASE,Productos de terminacion,0
DOBLE SERUM REPARADOR DE PUNTAS 2X15ML L´OREAL,Productos de terminacion,0
ELIXIR ULTIME CABELLOS CON COLOR 100ML KERASTASE,Productos de terminacion,0
EMULSION D`EYERLY,Productos de terminacion,0
EQ NEW SOOTHING INFUSION 12X13,Productos de terminacion,0
ESCENCIA SUAVIZANTE LUMINISCENTE PARA CABELLOS KERASTASE,Productos de terminacion,0
ESPUMA DE FIJACION LIJERA 300ML WELLA,Productos de terminacion,0
HAIRSPRAY 500ML ALFAPARF MILANO,Productos de terminacion,0
HAIRSPRAY MODULAR 500ML REVLON,Productos de terminacion,0
KER ELIXIR ULTIME ORIGINAL 100ML KERASTASE,Productos de terminacion,0
KER NUT ELIXIR ULTIME CREMA SUBLIMADORA S/E 1,Productos de terminacion,0
KERASTASE AMINEXIL FORCE R 10X6ML,Productos de terminacion,0
KERASTASE CHROMA REFLECT 125ML,Productos de terminacion,0
KERASTASE CIMENT THERMIQUE 125 ML,Productos de terminacion,0
KERASTASE CURE INTENSIVE 10/6 ML,Productos de terminacion,0
KERASTASE DICIPLINE KER THERMIQUE 150ML,Productos de terminacion,0
KERASTASE FISIO DOSE BOOSTER CERAMIDAS 15 ML,Productos de terminacion,0
KERASTASE IRIS ROYAL TOUCHE PERFCTION 40ML,Productos de terminacion,0
KERASTASE LAIT APRESS SOLEIL 150 ML,Productos de terminacion,0
KERASTASE LIPO RECHARGE 10 *6 ML,Productos de terminacion,0
KERASTASE NECTAR THERMIQUE 150 ML,Productos de terminacion,0
KIT KERASTASE,Productos de terminacion,0
KIT KERASTASE,Productos de terminacion,0
KIT KERASTASE,Productos de terminacion,0
LECHE RECONSTRUCTORA TERMO-ACTIVADSA P/ CABELLO KERASTASE,Productos de terminacion,0
LECHE TERMOACTIVA. ALISADO PERFECTO 150ML HOT STYLE L´OREAL,Productos de terminacion,0
LILA (BLA BLA) 200 ML TIGI,Productos de terminacion,0
LISS CONTROL 50 ML L´OREAL,Productos de terminacion,0
LOREAL ABSOLUT REPAIR TTO. TERMO REPARADOR 150ML,Productos de terminacion,0
LOREAL AMPOLLA ABSOLUT REPAIR CELLULAR POWERCELL 30,Productos de terminacion,0
LOREAL AMPOLLO LISS UNLIMITED POST SH PROTEC OIL,Productos de terminacion,0
LOREAL FORCE VECTOR 200 ML,Productos de terminacion,0
LOREAL LISS ULTIME 125 ML L´OREAL,Productos de terminacion,0
LOREAL LISS ULTIME 150ML L´OREAL,Productos de terminacion,0
LOREAL LISS ULTIME REFLEXION 50 ML L´OREAL,Productos de terminacion,0
LOREAL MYTHIC OIL 125 ML,Productos de terminacion,0
LOREAL SERUM LISS UNLIMITE 30 ML,Productos de terminacion,0
LOREAL SHINE CURL 200 ML L´OREAL,Productos de terminacion,0
LP SE SH INFORCER B6 + BIOTIN 1500ML,Productos de terminacion,0
LP SE SH INFORCER B6 + BIOTIN 300ML,Productos de terminacion,0
LP SE SH INFORCER B6 + BIOTIN 500ML,Productos de terminacion,0
LP SE SH INFORCER B6 + BIOTIN SOIND ACOND 200ML,Productos de terminacion,0
LP SE SH INFORCER B6 + BIOTIN SOIND ACOND 750ML,Productos de terminacion,0
LP SE SH INFORCER B6 + BIOTIN SOIND MASQUE 250ML,Productos de terminacion,0
LP SE SH INFORCER B6 + BIOTIN SOIND MASQUE 500ML,Productos de terminacion,0
LP SMARTBOND L´OREAL,Productos de terminacion,0
MAGISTRAL SOIN N3 PROTOCOLE SERUM BOOST KERASTASE,Productos de terminacion,0
MAJIREL MIX BOOST FROID AZUL 50ML,Productos de terminacion,0
MAJIREL MIX BOOST FROID VERDE 50ML,Productos de terminacion,0
MAJIREL MIX BOOST FROID VIOLETA 50ML,Productos de terminacion,0
MASCARILLA DE BRILLO CABELLOS CON MECHAS 200ML L´OREAL,Productos de terminacion,0
MILK 125ML L´OREAL,Productos de terminacion,0
MYTHIC OIL ACEITE NUTRITIVO OIL 100ML L´OREAL,Productos de terminacion,0
NUTRICION CAPILAR PLUS 125ML SILKEY PROFESIONAL,Productos de terminacion,0
OLEO CAPILAR 16ML ALFAPARF MILANO,Productos de terminacion,0
OLEO COMPLEX DORADO 125 ML KERASTASE,Productos de terminacion,0
OLEO COMPLEX VERDE 125ML KERASTASE,Productos de terminacion,0
OLEO COMPLEXE ROSA 125ML KERASTASE,Productos de terminacion,0
ONE REVLON,Productos de terminacion,0
ONE ROJO 150 ML,Productos de terminacion,0
ONE UNIQ COCONUT 150 ML,Productos de terminacion,0
ORO FLUIDO ELIXIR 100ML,Productos de terminacion,0
PROTECTOR UV Y EXTRA BRILLANTE 30ML ALFAPARF MILANO,Productos de terminacion,0
PROYOU VOLUME HAIR SPRAY 500ML,Productos de terminacion,0
PROYOU VOLUME HAIR SPRAY 500ML REVLON,Productos de terminacion,0
REVLON TERMINACION PROYOU ACTIVADOR DE RISOS 350ML,Productos de terminacion,0
RO COLORMESTIQUE,Productos de terminacion,0
ROLL ON CALMANTE INSTANTANEO 20ML REVLON,Productos de terminacion,0
RP COLORMESTIQUE 9,Productos de terminacion,0
SCHWARZKOPF TAFT ULTRA SHINE HAIR LACQUET 250 ML,Productos de terminacion,0
SCHWARZKOPF TONICO SEBORIN 400 ML,Productos de terminacion,0
SERUM ACTIVO PUNTAS MUY ESTROPEADAS 150ML L´OREAL,Productos de terminacion,0
SERUM GLOSS DICIPLINANTE CABELLOS CON MECHAS 50ML L´OREAL,Productos de terminacion,0
SERUM PARA BRILLO 30ML ALFAPARF MILANO,Productos de terminacion,0
SERUM RECONSTRUCTOR 50ML L´OREAL,Productos de terminacion,0
SERUM TRATANTE PUNTAS MUY DANADAS 50 ML L´OREAL,Productos de terminacion,0
SILKEY GEL LIQUIDO ALISADOR MUCIZE 200ML,Productos de terminacion,0
SPRAY DE ACABADO P/ EL CABELLO 300ML WELLA,Productos de terminacion,0
SPRAY FIJACION FUERTE 500ML REVLON,Productos de terminacion,0
SPRAY SUPER FUERTE 250ML SCHWARZKOPF,Productos de terminacion,0
SPRAY SUPER FUERTE CON BRILLO 250ML SCHWARZKOPF,Productos de terminacion,0
SPRAY ULTRA FUERTE 250ML SCHWARZKOPF,Productos de terminacion,0
SUERO ILUMINADOR 30ML ALFAPARF MILANO,Productos de terminacion,0
SUERO PARA BRILLO 50ML ALFAPARF MILANO,Productos de terminacion,0
TAFT ULTRA GLANZ HAIR SPRAY 250 ML,Productos de terminacion,0
TERMINACION TIGI MANIPULADOR 57 ML,Productos de terminacion,0
THERMO-SHINE 150ML KERASTASE,Productos de terminacion,0
TIGI CURL ROCK 250 ML,Productos de terminacion,0
TIGI EGO BOOST 200 ML,Productos de terminacion,0
TIGI FIRM HOLA HAIRS SPRAY 300 ML,Productos de terminacion,0
TIGI HARD HOLA HAIR SPRAY 400 ML,Productos de terminacion,0
TIGI LIGHT WEGHT MOUSSE 200 ML,Productos de terminacion,0
TIGI MANIPULADOR,Productos de terminacion,0
TIGI SOME LIKE IT HOT 100ML,Productos de terminacion,0
TIGI SPRAY FIJADOR EXTRAFUERTE HARD HEAD,Productos de terminacion,0
TIGI SPRITE Y SHINE 200 ML,Productos de terminacion,0
TIGI SUPERFICIAL 100 ML,Productos de terminacion,0
TIGI THICKENING CREAM 100 ML,Productos de terminacion,0
TRATAMIENTO ALISANTE LUMINOSIDAD PARA CABELLOS L´OREAL,Productos de terminacion,0
TRATAMIENTO ANTI CAIDA NUTRI ENERGETICO 125ML KERASTASE,Productos de terminacion,0
TRATAMIENTO ANTICAIDA DEL CABELLO 42X6 REVLON,Productos de terminacion,0
TRATAMIENTO CAPILAR ONE 150ML REVLON,Productos de terminacion,0
TRATAMIENTO CAPILAR ONE COCONUT 150ML REVLON,Productos de terminacion,0
TRATAMIENTO DE ALISADO DICIPLINANTE 125ML KERASTASE,Productos de terminacion,0
TRATAMIENTO DE AMPLIFICADOR DE BRILLO PARA CABELLOS KERASTASE,Productos de terminacion,0
TRATAMIENTO DE NOCHE SUAVIZANTE EFECTO REGENERANTE KERASTASE,Productos de terminacion,0
TRATAMIENTO DIARIO RECONSTITUYENTE PARA CABELLOS KERASTASE,Productos de terminacion,0
TRATAMIENTO NUTRITIVO-TERMO PROTECTOR 150ML KERASTASE,Productos de terminacion,0
TRATAMIENTO TERMO-REPARADOR CABELLOS MUY L´OREAL,Productos de terminacion,0
TRATAMIENTO TERMOACTIVO FORTIFICANTE ANTIQUIEBRA L´OREAL,Productos de terminacion,0
TRATAMIENTO UNIDOSIS RECONSTRUCCION INSTANTANEA L´OREAL,Productos de terminacion,0
VITAMINO COLOR 150X 10 KERASTASE,Productos de terminacion,0
VOLUME AMPLIFIER MOUSSE 300ML,Productos de terminacion,0
CARETAS DE PROTECCION,Servicios Especiales,0
KER BOTANICA FUNDAMENTAL CONDITIONE KERASTASE,Servicios Especiales,0
SERVICIOS VARIOS OTROS,Servicios Especiales,0
ALISADO FLEQUILLO COMPLETO,Servicios de Peluquería,0
ALISADO PELO EXTRA LARGO,Servicios de Peluquería,0
ALISADO PELO LARGO,Servicios de Peluquería,0
ALISADO PELO MEDIANO,Servicios de Peluquería,0
APLI AMP LOREAL L´OREAL,Servicios de Peluquería,0
APLICACION DE AMPOLLA CAPUCHINI,Servicios de Peluquería,0
APLICACION DE AMPOLLA CON SU PRODUCTO,Servicios de Peluquería,0
APLICACION DE AMPOLLA KERASTASE,Servicios de Peluquería,0
APLICACION DE AMPOLLA PROPOLEO,Servicios de Peluquería,0
APLICACION DE AMPOLLA SEMI DI LINO,Servicios de Peluquería,0
APLICACION DE PESTANA,Servicios de Peluquería,0
BANHO DE CREMA KERASTASE,Servicios de Peluquería,0
BANHO DE CREMA LOREAL,Servicios de Peluquería,0
BANHO DE CREMA OTROS PRODUCTOS,Servicios de Peluquería,0
BRUSHING PELO CORTO,Servicios de Peluquería,0
BRUSHING PELO LARGO,Servicios de Peluquería,0
CAFE,Servicios de Peluquería,0
CORTE,Servicios de Peluquería,0
CORTE 1/2,Servicios de Peluquería,0
DECOLORACION ABDOMEN BRAZO Y ROSTRO,Servicios de Peluquería,0
DECOLORACION DE BOZO,Servicios de Peluquería,0
DECOLORACION DE BRAZO,Servicios de Peluquería,0
DECOLORACION DE ROSTRO,Servicios de Peluquería,0
DEPILACION DE BOZO Y/O BIGOTE,Servicios de Peluquería,0
DEPILACION DE CEJA,Servicios de Peluquería,0
DEPILACION DE ENTREPIERNA,Servicios de Peluquería,0
DEPILACION DE PIERNAS COMPLETAS,Servicios de Peluquería,0
DEPILACION MEDIA PIERNA,Servicios de Peluquería,0
DIBUJO EN UNAS,Servicios de Peluquería,0
EXFOLIACION,Servicios de Peluquería,0
EXTRACCION DE SHELLAC,Servicios de Peluquería,0
GALLETITAS,Servicios de Peluquería,0
LAVADO,Servicios de Peluquería,0
LAVADO CON KERASTASE,Servicios de Peluquería,0
LAVADO CON KERASTASE ACONDICIONADOR,Servicios de Peluquería,0
LAVADO CON KERASTASE SHAMPOO,Servicios de Peluquería,0
LAVADO CON LOREAL,Servicios de Peluquería,0
LAVADO CON LOREAL ACONDICIONADOR,Servicios de Peluquería,0
LAVADO CON LOREAL SHAMPOO,Servicios de Peluquería,0
LAVADO CON REVLON,Servicios de Peluquería,0
LAVADO CON TIGI,Servicios de Peluquería,0
LAVADO CON WELLA,Servicios de Peluquería,0
LAVADO SIN SAL,Servicios de Peluquería,0
MANOS,Servicios de Peluquería,0
MAQUILLAJE,Servicios de Peluquería,0
MASCARA,Servicios de Peluquería,0
MEDIO MAQUILLAJE,Servicios de Peluquería,0
ONDAS AL AGUA,Servicios de Peluquería,0
PASHMINA,Servicios de Peluquería,0
PEINADO,Servicios de Peluquería,0
PERMANENTE DE PESTANA,Servicios de Peluquería,0
PERMANENTE DE RULOS,Servicios de Peluquería,0
PESTANA,Servicios de Peluquería,0
PIES,Servicios de Peluquería,0
PINTURA DE MANOS,Servicios de Peluquería,0
PINTURA DE PIES,Servicios de Peluquería,0
PLANCHITA,Servicios de Peluquería,0
PROTECTOR PARA COLOR,Servicios de Peluquería,0
PROTECTOR PARA PERMANENTE,Servicios de Peluquería,0
PULIDO,Servicios de Peluquería,0
REFLEJOS COPA CABANA,Servicios de Peluquería,0
REFLEJOS MAYOR CANTIDAD,Servicios de Peluquería,0
REFLEJOS MENOR CANTIDAD,Servicios de Peluquería,0
RETOQUE DE ESMALTE,Servicios de Peluquería,0
RETOQUE DE PEINADO,Servicios de Peluquería,0
RULOS CON TIJERAS,Servicios de Peluquería,0
SECADO,Servicios de Peluquería,0
SERVIS DE UNAS ACRILICAS,Servicios de Peluquería,0
SERVIS DE UNAS CON ACRIGEL,Servicios de Peluquería,0
SERVIS DE UNAS EN ACRIGEL + PRANCESITA,Servicios de Peluquería,0
SERVIS DE UNAS EN GEL,Servicios de Peluquería,0
SERVIS DE UNAS EN GEL + FRANCESITA,Servicios de Peluquería,0
SHELLACK,Servicios de Peluquería,0
SHOCK DE KERATINA,Servicios de Peluquería,0
SPA DE PIES,Servicios de Peluquería,0
TINTURA CON INOA,Servicios de Peluquería,0
TINTURA CON SU PRODUCTO,Servicios de Peluquería,0
TINTURA DE CEJAS,Servicios de Peluquería,0
TINTURA DE CORONA,Servicios de Peluquería,0
TINTURA PELO CORTO,Servicios de Peluquería,0
TINTURA PELO LARGO,Servicios de Peluquería,0
TINTURA PELO MEDIANO,Servicios de Peluquería,0
TRATAMIENTO TANINO THERAPY SALVATORE,Servicios de Peluquería,0
UNAS ACRIGEL,Servicios de Peluquería,0
UNAS ACRILICAS,Servicios de Peluquería,0
UNAS CON GEL,Servicios de Peluquería,0
UNAS CON GEL + FRANCESITA,Servicios de Peluquería,0
ZAPATILLA,Servicios de Peluquería,0
ACEITE PROTECTOR PARA CABELLOS REVELDES 15X12ML L´OREAL,Tratamientos,0
AMPOLLA CONCENTRE FUSIO DOSE KERASTASE,Tratamientos,0
AMPOLLA ENERGY BOOSTERM SERUM 6X8ML ALFAPARF MILANO,Tratamientos,0
AMPOLLA P/ CABELLO SENSIBILIZADO 15X15ML L´OREAL,Tratamientos,0
BALSAMO RECONSTRUCTOS INSTANTANEO 500ML L´OREAL,Tratamientos,0
BALSAMO REPARADOR CELULAR CABELLOS MUY ESTROPEADOS L´OREAL,Tratamientos,0
BALSAMO RESTAURADOR DE QUERATINA PARA CABELLOS L´OREAL,Tratamientos,0
BOOSTER BRILLANCE LOCION CAPILAR KERASTASE,Tratamientos,0
BOOSTER P/ COLOR 15X0.13 KERASTASE,Tratamientos,0
BOOSTER P/ DAR FUERZA 15X0.4ML KERASTASE,Tratamientos,0
BOOSTER P/ DAR VOLUMEN 15X0.4ML KERASTASE,Tratamientos,0
CONCENTRE PIXELIST-ROSA 15X12ML KERASTASE,Tratamientos,0
CONSENTRE OLEO-FUSION NARANJA 15X0.4FL KERASTASE,Tratamientos,0
CONSENTRE SUBSTANTIF-LILA 15X12ML KERASTASE,Tratamientos,0
CONSENTRE VITA-CIMENT-VERDE 15X12ML KERASTASE,Tratamientos,0
DENSIFIQUE AMPOLLA CAPILAR 30X6ML KERASTASE,Tratamientos,0
DENSIFIQUE MASCARA RECOV. SISTEMOX 250ML KERASTASE,Tratamientos,0
DENSIFIQUE MASCARA RECOV. SISTEMOX 500ML KERASTASE,Tratamientos,0
DISCIPLINE MASKERATINE 200ML KERASTASE,Tratamientos,0
FLUIDO HIDRATANTE 12X13ML DIFIABA,Tratamientos,0
KER DICIPLINE KERASTASE,Tratamientos,0
KER MASQUE MAQUISTENSE GRUESOS 200 ML,Tratamientos,0
KER NUT AMPOLLA CONCENTRE 10*12ML KERASTASE,Tratamientos,0
KERASTASE AGE RECHARGE 200 ML,Tratamientos,0
KERASTASE ELEXIR ULTIME 200 ML,Tratamientos,0
KERASTASE MAQUISTANCE 200 ML,Tratamientos,0
KERASTASE MASQUE CRHOMA RICHE 1000 ML,Tratamientos,0
KERASTASE MASQUE FORCE ARCHITEC,Tratamientos,0
KERASTASE MASQUE FORCE ARCHITECTE 200ML,Tratamientos,0
KERASTASE OLEO RELAX 200 ML,Tratamientos,0
KERASTASE OLEO RELAX 200 ML,Tratamientos,0
KERASTASE OLEO RELAX SLIM 200 ML,Tratamientos,0
LISS UNLIMITED 200ML KERASTASE,Tratamientos,0
LOCION REVITALIZADORA 12X15ML-ROSA ALFAPARF MILANO,Tratamientos,0
LOREAL ABSOLUT REPAIR 200 ML,Tratamientos,0
LOREAL LISS ULTIME 200 ML,Tratamientos,0
LOREAL LP MYTHIC OIL MASQUE 200 ML L´OREAL,Tratamientos,0
LOREAL MASCARA FORCE VECTOR 200ML L´OREAL,Tratamientos,0
LOREAL MASCARA LISS UNLIMITED 500 ML,Tratamientos,0
LOREAL MASCARA VITAMINO COLOR 200ML,Tratamientos,0
LOREAL MYTHIC OIL MASQUE 200 ML,Tratamientos,0
LP MYTHIC OIL MASQUE 500ML,Tratamientos,0
MASCARA ABSOLUT REPAIR 500 ML,Tratamientos,0
MASCARA DE NUTRICION EXEPCIONAL 500ML KERASTASE,Tratamientos,0
MASCARA DE NUTRICION EXEPCIONAL 500ML KERASTASE,Tratamientos,0
MASCARA P/ CABELLOS CON REFLEJOS SENSIBILIZADOS 500ML L´OREAL,Tratamientos,0
MASCARA REAFIRMANTE PARA CABELLOS CON PERDIDA DE KERASTASE,Tratamientos,0
MASCARA RECONTRUCTORA INSTANTANEA 200ML L´OREAL,Tratamientos,0
MASCARILLA CATAPLASMA SUBLIMADORA CON OLEO-COMPLEX KERASTASE,Tratamientos,0
MASCARILLA DE ALTA NUTRICION 500ML KERASTASE,Tratamientos,0
MASCARILLA DE ALTA NUTRICION TERMO-ACTIVADA 200ML KERASTASE,Tratamientos,0
MASCARILLA FLEXIBILIZANTE PARA CABELLOS SECOS Y MUY KERASTASE,Tratamientos,0
MASCARILLA GEL-FIJADORA DE COLOR 200ML L´OREAL,Tratamientos,0
MASCARILLA INTENSA PARA CABELLOS GRUESOS 200ML KERASTASE,Tratamientos,0
MASCARILLA INTENSIFICADORA DE BRILLO PARA CABELLOS KERASTASE,Tratamientos,0
MASCARILLA PERFECCIONADORA MULTI-LUMINOSIDAD 200ML KERASTASE,Tratamientos,0
MASCARILLA PERFECCIONADORA MULTI-LUMINOSIDAD 500ML KERASTASE,Tratamientos,0
MASCARILLA REDUCTORA DE VOLUMEN 200ML KERASTASE,Tratamientos,0
MASCARILLA REGENERADORA P/ CUERO CABELLUDO Y KERASTASE,Tratamientos,0
MASCARILLA REGENERADORA RECONSTRUCTORA 200ML KERASTASE,Tratamientos,0
MASCARILLA SUAVIZANTE PARA CABELLOS REBELDES 200ML L´OREAL,Tratamientos,0
MASQUE FORCE ARCHITECTE 500ML KERASTASE,Tratamientos,0
MASQUINTENSE FINS-FINE,Tratamientos,0
MYTHIC OIL MASQUE P/ CABELLOS GRUESOS,Tratamientos,0
NUTRIFIER MASQUE 500ML,Tratamientos,0
OLEO CAPILAR LENITIVO 12X0.50 ALFAPARF MILANO,Tratamientos,0
PARA CABELLOS COLOREADOS 25MON REVLON,Tratamientos,0
PARA CABELLOS COLOREADOS RUBIOS 25MON REVLON,Tratamientos,0
PURIFICANTE DEL CUERO CABELLUDO 15X12ML L´OREAL,Tratamientos,0
RE-SUBSTANCE 30X0.68 KERASTASE,Tratamientos,0
REPARADOR CAPILAR 12X15ML AZUL ALFAPARF MILANO,Tratamientos,0
RVLON COLOR SIBLIME 200 ML,Tratamientos,0
THERAPISTE MASQUE 500ML KERASTASE,Tratamientos,0
TRATAMIENTO ANTI-SEBORREICO 12AMP REVLON,Tratamientos,0
TRATAMIENTO CON ACLARADO 200ML KERASTASE,Tratamientos,0
TRATAMIENTO CONCENTRADO DE FUERZA CAPILAR 30X10ML L´OREAL,Tratamientos,0
TRATAMIENTO PRE-COLORACION 15X15ML L´OREAL,Tratamientos,0
TRATAMIENTO PRE-SHAMPOO UNIDOSIS CON ACLARADO L´OREAL,Tratamientos,0
TRATAMIENTO PROTECTOR COLOR 200ML REVLON,Tratamientos,0
TRATAMIENTO RECONSTITUYENTE PROFUNDO ANTI FOTO- KERASTASE,Tratamientos,0
TRATAMIENTO SIN ACLARADO 200ML (MARRON) KERASTASE,Tratamientos,0
TRATAMIENTO SUAVIZANTE LUMUNISCENTE P/ CABELLOS KERASTASE,Tratamientos,0
TRATAMIENTO SUAVIZANTE PARA CABELLOS COLOREADOS KERASTASE,Tratamientos,0
TRATAMIENTO SUBLIMADOR DEL COLOR REVLON,Tratamientos,0
TRATAMIENTO UNIDOSIS CON ACLARADO CABELLOS CON L´OREAL,Tratamientos,0
TRATAMIENTO UNIDOSIS CON ACLARADO CABELLOS MUY L´OREAL,Tratamientos,0
TRATAMIENTO UNIDOSIS P/ CABELLOS COLOREADOS 30X10ML L´OREAL,Tratamientos,0
UNOQONE HAIR TREATMENT 150ML REVLON,Tratamientos,0
VOLUMEN CONTROL 15 TUBOS DE 20ML + 15 FRASCOS DE 6ML KERASTASE,Tratamientos,0