Descripcion,Marca,Grupo
CREMA JABONOSA 100ML EXEL,,PRODUCTO
CON VITAMINA E HIDRATANTE Y ANTIOXIDANTE 300ML NATURAL HONEY,,PRODUCTO
ACEITE CORPORAL DE COCO 300ML NATURAL HONEY,,PRODUCTO
EMULSION D`EYERLY L´OREAL,,PRODUCTO
NUTRICION CAPILAR DAYERLY L´OREAL,,PRODUCTO
ACONDICIONADOR TIGI GI DEFCURLS 200 ML,TIGI,PRODUCTO
REVLON - LAPIZ LABIAL HUMECTANTE 055,REVLON,PRODUCTO
L´OREAL - LOREAL VITAMINO COLOR 150 ML,L´OREAL,PRODUCTO
LOREAL CREMA VITAMINO COLOR 150 ML RENOVACION,,PRODUCTO
LOREAL CREMA VITAMINO COLOR 750 ML RENOVACION,,PRODUCTO
TIGI URBAN ANTI + DOTES 200 ML,TIGI,PRODUCTO
TIGI ANTI RECOVERY 200 ML,,PRODUCTO
ACONDICIONADOR TIGI REENERGIZE URBAN 200 ML,TIGI,PRODUCTO
ACONDICIONADOR TIGI RECOVERY ANTIDOTES 200 ML,TIGI,PRODUCTO
ACONDICIONADOR TIGI RESERRECTION URBAN 200 ML,TIGI,PRODUCTO
ACONDICIONADOR TIGI CURLS COLLECTION 250 ML,TIGI,PRODUCTO
TIGI CURLESQUE LEAVE-IN 215 ML,TIGI,PRODUCTO
TIGI HI DEF CURLS 200 ML,TIGI,PRODUCTO
ACONDICIONADOR TIGI EPIC VOLUME 200 ML,TIGI,PRODUCTO
ACONDICIONBADOR TIGI DUMB BLONDE 200 ML,TIGI,PRODUCTO
TIGI - ACONDICIONADOR TERAPEUTICO PARA PELIRROJAS Y,TIGI,PRODUCTO
L´OREAL - LOREAL SHINE BLONDE TTO. ILUMINADOR 150ML,L´OREAL,PRODUCTO
LOREAL SHINE BLONDE 150 ML,,PRODUCTO
L´OREAL - TRATAMIENTO REFORZADOR 150 ML,L´OREAL,PRODUCTO
L´OREAL - TRATAMIENTO FIJADOR DE COLOR 150ML,L´OREAL,PRODUCTO
L´OREAL - LOREAL CREMA VITAMINO COLOR 750 ML RENOVACION,L´OREAL,PRODUCTO
KERASTASE - TRATAMIENTO DE ALTA NUTRICION 200ML,KERASTASE,PRODUCTO
KERASTASE - TRATAMIENTO DE ALTA NUTRICION PARA CABELLOS,KERASTASE,PRODUCTO
CREMA ABSOLUT REPAIR CELLULAR C/E 750 ML,,PRODUCTO
L´OREAL - TRATAMIENTO REPARADOR CELULAR CABELLOS MUY,L´OREAL,PRODUCTO
KERASTASE - KER RES CIMENT ANTI USURE 200ML,KERASTASE,PRODUCTO
KERASTASE LAIT CRISTALLISTE 1000 ML,,PRODUCTO
KERASTASE - LUMINOSO PERFECTO 200ML,KERASTASE,PRODUCTO
L´OREAL - TRATAMIENTO RESTAURADOR DE QUERATINA PARA CABELLOS,L´OREAL,PRODUCTO
L´OREAL - TRATAMIENTO CORRECTOR RESTAURADOR DE KERATINA 750ML,L´OREAL,PRODUCTO
L´OREAL - LOREAL ACONDICIONADOR LISS UNLIMITED 150ML,L´OREAL,PRODUCTO
KERASTASE - FLUIDO DE NUTRICION 200ML,KERASTASE,PRODUCTO
L´OREAL - TRATAMIENTO RECONSTRUCTOR INSTANTANEO 150ML,L´OREAL,PRODUCTO
L´OREAL - SHAMPOO RECONTRUCTOR INSTANTANEO 750ML,L´OREAL,PRODUCTO
L´OREAL - VITAMINO COLOR 150ML,L´OREAL,PRODUCTO
L´OREAL - VITAMINO COLOR A-OX SH 150ML,L´OREAL,PRODUCTO
KERASTASE - VITAMINO COLOR 750ML,KERASTASE,PRODUCTO
L´OREAL - CREMA BLONDE VITAMINO COLOR 150ML,L´OREAL,PRODUCTO
L´OREAL - LOREAL SHINE CURL 150ML,L´OREAL,PRODUCTO
KERASTASE - FLUIDO NUTRITIVO DE ALTA LIGERESA PARA CABELLOS,KERASTASE,PRODUCTO
L´OREAL - VITAMINO COLOR FRESH FEEL 150ML,L´OREAL,PRODUCTO
KERASTASE - NUTRIFIER ACONDICIONADOR 150ML,KERASTASE,PRODUCTO
NUTRIFIER ACONDICIONADOR 750ML,,PRODUCTO
KERASTASE DICIPLINE FONDANT FLUIDEALISTE CREMA CAPILAR,KERASTASE,PRODUCTO
SE ABSOLUT REPAIR LIPIDIUM ACOND 750ML,,PRODUCTO
SE VITAMINO COLOR A-OX SHAMPOO 750ML,,PRODUCTO
LOREAL CREMA REPAIR CELLULAR 750 ML,,PRODUCTO
L´OREAL - ABSOLUT REPAIR LIPIDIUM 250ML,L´OREAL,PRODUCTO
SILKEY PROFESIONAL - EMULSION MULTIVITAMINAS 250ML,SILKEY PROFESIONAL,PRODUCTO
ALFAPARF MILANO - ILUMINATING ACONDICIONADOR CAPILAR 250ML,ALFAPARF MILANO,PRODUCTO
CADIVEU ACONDICIONADOR BOSSENOVA 250 ML,,PRODUCTO
SALVATORE - ACONDICIONADOR BLOND HAIR,SALVATORE,PRODUCTO
SALVATORE - ACONDICIONADOR CURLY HAIR,SALVATORE,PRODUCTO
SALVATORE - ACONDICIONADOR MOISTURIZER,SALVATORE,PRODUCTO
SALVATORE - ACONDICIONADOR SCALP TREATMENT,SALVATORE,PRODUCTO
SALVATORE - ACONDICIONADOR REESTRUCTURING,SALVATORE,PRODUCTO
ALFAPARF MILANO - ACONDICIONADOR CREMA REVITALIZANTE PH COLOR ROJO,ALFAPARF MILANO,PRODUCTO
ALFAPARF MILANO - BALSAMO PROTECTOR DE COLOR 250ML,ALFAPARF MILANO,PRODUCTO
REVLON - ACONDICIONADOR DESENREDANTE SIN ACLARADO P/,REVLON,PRODUCTO
L´OREAL - EQ. 200ML,L´OREAL,PRODUCTO
AGUA OXIGENADA 10VOL INOVACION NO,,PRODUCTO
AGUA OXIGENADA 20VOL INOVACION NO,,PRODUCTO
AGUA OXIGENADA 30VOL INOVACION NO,,PRODUCTO
L´OREAL - REVELADOR 6 VOL 1000ML,L´OREAL,PRODUCTO
L´OREAL - REVELADOR 9VOL,L´OREAL,PRODUCTO
L´OREAL - REVELADOR 15 VOL 1000ML,L´OREAL,PRODUCTO
L´OREAL - RUBIO,L´OREAL,PRODUCTO
REVLON - CREMA OXIDANTE 20V,REVLON,PRODUCTO
REVLON - AGUA OXIGENADA 30VOL,REVLON,PRODUCTO
REVLON - AGUA OXIGENADA 40VOL,REVLON,PRODUCTO
RP CREME PEROXIDE 20VOL,,PRODUCTO
SILKEY PROFESIONAL - CREMA OXIDANTE 20V,SILKEY PROFESIONAL,PRODUCTO
L´OREAL - AGUA OXIGENADA 30VOL,L´OREAL,PRODUCTO
L´OREAL - AGUA OXIGENADA 40VOL,L´OREAL,PRODUCTO
REVLON - CREME PROXIDE VOL20 900ML,REVLON,PRODUCTO
DIFIABA - FLUIDO HIDRATANTE 12X13ML,DIFIABA,PRODUCTO
KERASTASE - VOLUMEN CONTROL 15 TUBOS DE 20ML + 15 FRASCOS DE 6ML,KERASTASE,PRODUCTO
L´OREAL - AMPOLLA P/ CABELLO SENSIBILIZADO 15X15ML,L´OREAL,PRODUCTO
KERASTASE - RE-SUBSTANCE 30X0.68,KERASTASE,PRODUCTO
L´OREAL - TRATAMIENTO UNIDOSIS P/ CABELLOS COLOREADOS 30X10ML,L´OREAL,PRODUCTO
L´OREAL - TRATAMIENTO UNIDOSIS CON ACLARADO CABELLOS MUY,L´OREAL,PRODUCTO
L´OREAL - TRATAMIENTO PRE-SHAMPOO UNIDOSIS CON ACLARADO,L´OREAL,PRODUCTO
KERASTASE - CONSENTRE OLEO-FUSION NARANJA 15X0.4FL,KERASTASE,PRODUCTO
KERASTASE - BOOSTER P/ DAR VOLUMEN 15X0.4ML,KERASTASE,PRODUCTO
KERASTASE - CONSENTRE VITA-CIMENT-VERDE 15X12ML,KERASTASE,PRODUCTO
KERASTASE - BOOSTER P/ DAR FUERZA 15X0.4ML,KERASTASE,PRODUCTO
KERASTASE - CONSENTRE SUBSTANTIF-LILA 15X12ML,KERASTASE,PRODUCTO
KERASTASE - CONCENTRE PIXELIST-ROSA 15X12ML,KERASTASE,PRODUCTO
KERASTASE - BOOSTER P/ COLOR 15X0.13,KERASTASE,PRODUCTO
L´OREAL - PURIFICANTE DEL CUERO CABELLUDO 15X12ML,L´OREAL,PRODUCTO
L´OREAL - TRATAMIENTO CONCENTRADO DE FUERZA CAPILAR 30X10ML,L´OREAL,PRODUCTO
KERASTASE - DENSIFIQUE AMPOLLA CAPILAR 30X6ML,KERASTASE,PRODUCTO
L´OREAL - ACEITE PROTECTOR PARA CABELLOS REVELDES 15X12ML,L´OREAL,PRODUCTO
L´OREAL - TRATAMIENTO UNIDOSIS CON ACLARADO CABELLOS CON,L´OREAL,PRODUCTO
L´OREAL - TRATAMIENTO PRE-COLORACION 15X15ML,L´OREAL,PRODUCTO
KERASTASE - KER NUT AMPOLLA CONCENTRE 10*12ML,KERASTASE,PRODUCTO
KERASTASE - AMPOLLA CONCENTRE FUSIO DOSE,KERASTASE,PRODUCTO
KERASTASE - BOOSTER BRILLANCE LOCION CAPILAR,KERASTASE,PRODUCTO
ALFAPARF MILANO - REPARADOR CAPILAR 12X15ML AZUL,ALFAPARF MILANO,PRODUCTO
ALFAPARF MILANO - LOCION REVITALIZADORA 12X15ML-ROSA,ALFAPARF MILANO,PRODUCTO
ALFAPARF MILANO - OLEO CAPILAR LENITIVO 12X0.50,ALFAPARF MILANO,PRODUCTO
ALFAPARF MILANO - AMPOLLA ENERGY BOOSTERM SERUM 6X8ML,ALFAPARF MILANO,PRODUCTO
REVLON - TRATAMIENTO SUBLIMADOR DEL COLOR,REVLON,PRODUCTO
REVLON - PARA CABELLOS COLOREADOS 25MON,REVLON,PRODUCTO
REVLON - PARA CABELLOS COLOREADOS RUBIOS 25MON,REVLON,PRODUCTO
REVLON - TRATAMIENTO ANTI-SEBORREICO 12AMP,REVLON,PRODUCTO
REVLON - ESMALTE,REVLON,PRODUCTO
REVLON SCENTED 375,,PRODUCTO
REVLON - ESMALTE VIOLET SPEED,REVLON,PRODUCTO
ESMALTE N 917,,PRODUCTO
LOSION SECANTE 70 ML LACA,,PRODUCTO
LOSION SECANTE LACA,,PRODUCTO
REVLON ORANGE 365,,PRODUCTO
REVLON - VARNIS DE UNAS,REVLON,PRODUCTO
REVLON - GRACEFUL 320,REVLON,PRODUCTO
KOHL PENCIL BLACK+,,PRODUCTO
PANSTIK BISQUE IVORY,,PRODUCTO
MAXFACTOR - MAQUILLAJE CREMOSO 60,MAXFACTOR,PRODUCTO
PANSTIK OLIVE,,PRODUCTO
MAQUILLAJE MAXFACTOR PANSTIK 56 MEDIUM,,PRODUCTO
PANSTIK DEEP OLIVE,,PRODUCTO
MAXFACTOR - MAQUILLAJE CREMOSO 97,MAXFACTOR,PRODUCTO
MAXFACTOR - MAQUILLAJE CREMOSO 96,MAXFACTOR,PRODUCTO
MAXFACTOR - LABIAL MAX FACTOR 30 COLOR MATE,MAXFACTOR,PRODUCTO
SALLY HANSEN SALON MANICURE 540,,PRODUCTO
SALLY HANSEN VITAMIN E NAIL Y CUTICLE 13.3 ML,,PRODUCTO
LABIAL REWLON 315 OTROS,,PRODUCTO
SALLY HANSEN SALON MANICURE 510,,PRODUCTO
SALLY HANSEN SALON MANICURE 560,,PRODUCTO
L´OREAL - SINFULCOLORS NAIL,L´OREAL,PRODUCTO
REVLON LAPIZ LABIAL LARGA DURACION 631,,PRODUCTO
MAQUILLAJE COLOR CORRECTING PRIMER,,PRODUCTO
REVLON COLOR STAY SOMBRA * 4 NO 560,,PRODUCTO
REVLON - COLORSTAY WHIPPED 330,REVLON,PRODUCTO
MAQUILLAJE CONCEALER COLORSTAY 640 MEDIUM,,PRODUCTO
JUST BITTEN KISSABLE BALM STAIN,,PRODUCTO
SALLY HANSEN DIAMOND 370,,PRODUCTO
SALLY HANSEN MEGA SHINE 12.7 ML,,PRODUCTO
SINFULLCOLOR NAIL ENAMEL RISE Y SHINE,,PRODUCTO
SINFULCOLORS - SINFUL COLOR 947,SINFULCOLORS,PRODUCTO
SINFULCOLORS - ESMALTE P/ UNAS NIRVANA 949,SINFULCOLORS,PRODUCTO
CHINA GLAZE ROSA,,PRODUCTO
CHINA GLAZE NARANJA,,PRODUCTO
EYE ENHANCER 4KIT DARING NUDES,,PRODUCTO
TRUBLEND BLUSH MEDIUM ROSE,,PRODUCTO
TRUBLEND BLUSH DEEP MAVE,,PRODUCTO
TRUBLEND BRONZER BRONZE,,PRODUCTO
REVLON - ESMALTE P/ UNAS SERENE 320,REVLON,PRODUCTO
SUPER LUSTROUS LIP STICK REVLON RED,,PRODUCTO
EYE ENHANCER 4 KIT COUNTRY WOODS,,PRODUCTO
GELTOE SPACERB,,PRODUCTO
REVLON SACAPUNTA,,PRODUCTO
FUNDATION PUFFS OTROS,,PRODUCTO
ESPONJA PARA BASE,,PRODUCTO
SALLY HANSEN ESMALTES VITAMINA E NAIL CUTICLE OIL 13.3 ML,,PRODUCTO
TRIPLE STRONG,,PRODUCTO
SALLY HANSEN ESMALTES FUNGOS 30.0 ML,,PRODUCTO
INSTANT DRYING ANTI-CHIP LATIN,,PRODUCTO
SALLYHANSEN - SALLY HANSEN DIAMOND STRENGTH 45 FUCSIA BLINGBLING 13.3,SALLYHANSEN,PRODUCTO
SALLYHANSEN - TRIPLE STRONG 3-1 PROTECTION FOTALECEDOR,SALLYHANSEN,PRODUCTO
SALLY HANSEN ESMALTES DRYKWIK 13.3 ML,,PRODUCTO
AIBRUSH LEGS DEEP GLOW,,PRODUCTO
SALLYHANSEN - SALLY HANSEN COLOR QUICK 19 WHITE,SALLYHANSEN,PRODUCTO
SALLY HANSEN NAIL COLOR N0 150,,PRODUCTO
SALLYHANSEN - SALLY HANSEN NAIL COLOR 340,SALLYHANSEN,PRODUCTO
SALLYHANSEN - SALLY HANSEN INSTA-DRI 360,SALLYHANSEN,PRODUCTO
SALLY HANSEN ESMALTE MEGA SHINE 12.7 ML,,PRODUCTO
SALLYHANSEN - SALLY HANSEN XTREME WEAR 120 HOT MAGENTA 11.8 ML,SALLYHANSEN,PRODUCTO
SALLYHANSEN - SALLY HANSEN XTREME WEAR 210,SALLYHANSEN,PRODUCTO
SALLYHANSEN - NAILXTREME WEAR WHITE ON,SALLYHANSEN,PRODUCTO
SALLY HANSEN STREME WEAR 370 BLACK OUT,,PRODUCTO
SALLYHANSEN - SALLY HANSEN SALON 440,SALLYHANSEN,PRODUCTO
SALLY HANSEN SALON MANICURE NO 530,,PRODUCTO
SALLYHANSEN - 530 BACK TO THE FUCSIA 14.7 ML,SALLYHANSEN,PRODUCTO
SALLY HANSEN COMPLETE SALON 540 FRUTTI PETTUTIE 14.7 ML,,PRODUCTO
SALLYHANSEN - ESMALTE ALL FRED UP 550,SALLYHANSEN,PRODUCTO
SALLY HANSEN COMPLETE SALON 570 RIGHT SAID RED 14.7 ML,,PRODUCTO
SALLYHANSEN - RED ZIN 610,SALLYHANSEN,PRODUCTO
SALLYHANSEN - SALLY HANSEN SALON MANICURE 620,SALLYHANSEN,PRODUCTO
SALLYHANSEN - PAT ON THE BLACK 660,SALLYHANSEN,PRODUCTO
SALLYHANSEN - SALLY HANSEN XTREME WEAR 410,SALLYHANSEN,PRODUCTO
SALLYHANSEN - THE REAL 480,SALLYHANSEN,PRODUCTO
SALLY HANSEN NAIL COLOR NO 430,,PRODUCTO
SALLY HANSEN NAIL COLOR 470,,PRODUCTO
NAIL COLOR LACE,,PRODUCTO
REVITALIZING FOOT BOAK,,PRODUCTO
MOISTURZING FOOT CREAM 4 OZ,,PRODUCTO
INTENSIVE CALLUS FOOT SOFTENER 4 OZ,,PRODUCTO
SALLYHANSEN - SALLY HANSEN DIAMOND STRENGTH 370 RED VELVET 13.3 ML,SALLYHANSEN,PRODUCTO
REVLON - HARDAS NAIL POLISH ROCKS,REVLON,PRODUCTO
SALLYHANSEN - SALLY HANSEN XTREME WEAR 405 CORAL 11.8 ML,SALLYHANSEN,PRODUCTO
SALLYHANSEN - SALLY HANSEN COMPLETE SALON 190 SHEER BLISS 14.7 ML,SALLYHANSEN,PRODUCTO
SALLYHANSEN - ESMALTE SHEER ECSTASTY 200,SALLYHANSEN,PRODUCTO
SALLYHANSEN - SHELL WE DANCE 210,SALLYHANSEN,PRODUCTO
SALLYHANSEN - AM CANDY 220,SALLYHANSEN,PRODUCTO
SALLYHANSEN - FIREY ISLAND 390,SALLYHANSEN,PRODUCTO
SALLYHANSEN - BACK TO THE FUCHSIA 420,SALLYHANSEN,PRODUCTO
SALLYHANSEN - ESMALTE MOOK A MANGO 450,SALLYHANSEN,PRODUCTO
SALLYHANSEN - RED MY LIPS 470,SALLYHANSEN,PRODUCTO
NAIL POLISH LACQUER WINE NOT OTROS,,PRODUCTO
SALLYHANSEN - PAT ON THE BLACK 510,SALLYHANSEN,PRODUCTO
BLUE MY MIND 550,,PRODUCTO
SALLY HANSEN CUTIDE RETIAB 41053 8.8 ML,,PRODUCTO
SALLYHANSEN - 41056 BIG SHINY TOP COAT,SALLYHANSEN,PRODUCTO
XTREME WEAR HOT TAMALE,,PRODUCTO
NAIL POLISH LACQUER RED EYE OTROS,,PRODUCTO
SH MIRACLE GELWINE STOCK,,PRODUCTO
NAIL POLISH LACQUER MADWOMEN OTROS,,PRODUCTO
SALLYHANSEN - SALLY HANSEN COLOR THERAPY 340,SALLYHANSEN,PRODUCTO
XTREME WEAR NAIL COLOR WHITE THE,,PRODUCTO
NAIL POLISH LACQER SHEER ECSTASY,,PRODUCTO
L´OREAL - EYELINER CURLER WIREFILL,L´OREAL,PRODUCTO
REVLON - LAPIZ LABIAL MATE 435,REVLON,PRODUCTO
MAQUILLAJE 415 PINK IN THE AFTERMAN,,PRODUCTO
SUPER LOUSTROUS CREME LIPSTICK BERRY,,PRODUCTO
REVLON - LAPIZ LABIAL WHINE WHITE 525,REVLON,PRODUCTO
REVLON - LAPIZ LABIAL ROSEWINE 225,REVLON,PRODUCTO
REVLON - LAPIZ LABIAL 720,REVLON,PRODUCTO
REVLON - LAPIZ LABIAL LOVE 725,REVLON,PRODUCTO
REVLON - SUPER LUSTROUS CREME LIPS CHERRIES 440,REVLON,PRODUCTO
REVLON - LAPIZ LABIAL CERTAINLY RED 740,REVLON,PRODUCTO
LAPIZ LABIAL REVLON RED 730,REVLON,PRODUCTO
REVLON - LAPIZ LABIAL 430,REVLON,PRODUCTO
REVLON - LAPIZ LABIAL 425,REVLON,PRODUCTO
L´OREAL - LIPFINITY RESTAGE FRIVOLOUS,L´OREAL,PRODUCTO
MAXFACTOR - LAPIZ LABIAL 24HS 120 HOT,MAXFACTOR,PRODUCTO
REVLON - ESMALTE P/ UNAS CLEAR 771,REVLON,PRODUCTO
LABIAL REVLON 026,,PRODUCTO
LABIAL REVLON 630 OTROS,,PRODUCTO
SINFULCOLORS - SINFUL PINK FOREVER 313,SINFULCOLORS,PRODUCTO
SINFULCOLORS - SINFUL COLOR 854,SINFULCOLORS,PRODUCTO
SINFULLCOLOR NAIL ENAMEL SOCIAL,,PRODUCTO
REVLON - GRAY SUEDE 705,REVLON,PRODUCTO
REVLON BRILLO 250,,PRODUCTO
POLVO COLOR STAY N 285,,PRODUCTO
POLVO COLOR STAY N 260,,PRODUCTO
LASHOPTION VOLUME LENGTH MASCARA,,PRODUCTO
REVLON - SOMBRA PARA PARPADOS HASTA POR 12 HORAS 365,REVLON,PRODUCTO
REVLON - NEARLY NAKED PRESSED POWDER DARK,REVLON,PRODUCTO
REVLON - PREBASE SOMBRA PARA PARPADOS + DESTELLOS 501,REVLON,PRODUCTO
REVLON - PRE MAQUILLAJE Y SOMBRA PARA PARPADOS 525,REVLON,PRODUCTO
REVLON - ESMALTES 901 FUCSIA FEVER,REVLON,PRODUCTO
REVLON - LAPIZ LABIAL MATE 006,REVLON,PRODUCTO
LAPIZ LABIAL LARGA DURACION 800,,PRODUCTO
REVLON - LAPIZ LABIAL 011,REVLON,PRODUCTO
REVLON - LAPIZ LABIAL LUMINOUS 631,REVLON,PRODUCTO
REVLON - LAPIZ LABIAL BLUSHING 637,REVLON,PRODUCTO
REVLON LAPIZ LABIAL LARGA DURACION 643,,PRODUCTO
REVLON RUBOR EN POLVO NO 180,,PRODUCTO
REVLON - KISS BALM TROPICAL,REVLON,PRODUCTO
REVLON - KISS BALM FRESH STRAWBERRY,REVLON,PRODUCTO
REVLON - KISS BALM SWEET CHERRY,REVLON,PRODUCTO
REVLON - KISS BALM CRISP APPLE,REVLON,PRODUCTO
REVLON - KISS BALM BERRY BURST,REVLON,PRODUCTO
REVLON - MASCARA PARA PESTANAS ALARGAMIENTO Y VOLUMEN (AZUL),REVLON,PRODUCTO
REVLON LAPIZ Y GEL PARA CEJAS 105,,PRODUCTO
REVLON - BROW FANTASY 106,REVLON,PRODUCTO
REVLON - BRILLO LABIAL CON COLOR 006,REVLON,PRODUCTO
REVLON BROLLO 010,,PRODUCTO
REVLON BRILLO 012,,PRODUCTO
REVLON - BRILLO LABIAL CON COLOR 018,REVLON,PRODUCTO
REVLON - BRILLO LABIAL CON COLOR 034,REVLON,PRODUCTO
REVLON - LAPIZ LABIAL 801,REVLON,PRODUCTO
REVLON LAPIZ LABIAL LARGA DURACION 805,,PRODUCTO
MAQUILLAJE 810 PINK SIZZLE,,PRODUCTO
REVLON - LAPIZ LABIAL 815,REVLON,PRODUCTO
REVLON - LIPSTICK PINK FLORAL,REVLON,PRODUCTO
REVLON - LAPIZ LABIAL 825,REVLON,PRODUCTO
REVLON - LAPIZ LABIAL RICH GIRL 830,REVLON,PRODUCTO
REVLON - LAPIZ LABIAL BERRY 835,REVLON,PRODUCTO
SUPER LUSTROUS LIP STICK FOXY,,PRODUCTO
LABIAL REVLON 058,,PRODUCTO
REVLON SUPER LUSTROUS LIP GLOSS,,PRODUCTO
REVLON SUPER LUSTROUS LIP GLOSS PINK,,PRODUCTO
REVLON SUPER LUSTROUS LIP GLOSS KISS,,PRODUCTO
REVLON BRILLO ROJO 240,,PRODUCTO
REVLON - BRILLO LABIAL 225,REVLON,PRODUCTO
REVLON - BRILLO LABIAL 265,REVLON,PRODUCTO
REVLON - BRILLO LABIAL 270,REVLON,PRODUCTO
LIPS CREME REVLON 1458/520,,PRODUCTO
LIPS CREME REVLON 1458/540,,PRODUCTO
REVLON BRILLO 002,,PRODUCTO
REVLON BASE PHOTOREADY,,PRODUCTO
REVLON - LAPIZ LABIAL 654,REVLON,PRODUCTO
REVLON - LAPIZ LABIAL 657,REVLON,PRODUCTO
REVLON - LAPIZ LABIAL 660,REVLON,PRODUCTO
REVLON - SUPER LOUSTROUS LIPSTICK CORALBERRY,REVLON,PRODUCTO
REVLON - LAPIZ LABIAL SIREN 677,REVLON,PRODUCTO
REVLON - LAPIZ LABIAL 026,REVLON,PRODUCTO
SUPER LUSTROUS LIP STICK CHERRY,,PRODUCTO
REVLON - LAPIZ LABIAL RED LAQUER 029,REVLON,PRODUCTO
REVLON - CORRECTOR PARA ROSTRO Y OJOS MEDIUM 03,REVLON,PRODUCTO
REVLON - CORRECTOR PARA ROSTRO Y OJOS MEDIUM DEEP 04,REVLON,PRODUCTO
MAQUILLAJE CONCELEAR DMA 04 MEDIUM BEIGE,,PRODUCTO
REVLON - DELINEADOR PARA OJOS 16HS BLACK 201,REVLON,PRODUCTO
REVLON DELINEADOR P/ OJOS 202,REVLON,PRODUCTO
REVLON - PRE MAQUILLAJE PARA CORREGIR IMPERFECCIONES 001,REVLON,PRODUCTO
REVLON - PREMAQUILLAJE CORRECTOR PARA ROSTRO 002,REVLON,PRODUCTO
REVLON - DELINEADOR PARA OJOS EN GEL 24HS,REVLON,PRODUCTO
REVLON DELINEADOR LIQUIDO DE OJOS 251,REVLON,PRODUCTO
L´OREAL - COLOSILK ACONDICIONADOR BROWN,L´OREAL,PRODUCTO
L´OREAL - COLOESILK SHAMPOO BROWN,L´OREAL,PRODUCTO
REVLON BRILLO 460,,PRODUCTO
REVLON - LAPIZ LABIAL 16HS 420,REVLON,PRODUCTO
REVLON - MAQUILLAJE COMPACTO PARA EL ROSTRO DURAZNO SUAVE 02,REVLON,PRODUCTO
NEW COMPLEXION ONE STEP MAKEUP,,PRODUCTO
REVLON - MAQUILLAJE COMPACTO PARA EL ROSTRO BEIGE NATURAL 04,REVLON,PRODUCTO
REVLON - MAQUILLAJE COMPACTO PARA EL ROSTRO BEIGE MEDIO 05,REVLON,PRODUCTO
REVLON - MAQUILLAJE COMPACTO PARA EL ROSTRO BRONSEADO,REVLON,PRODUCTO
REVLON - CORRECTOR P/ ROSTRO,REVLON,PRODUCTO
REVLON - SOMBRA P/ OJOS O CEJAS CHOCOLATE,REVLON,PRODUCTO
REVLON - SOMBRA P/ OJOS O CEJAS COCOA,REVLON,PRODUCTO
REVLON BASE AGE DEFINIG,,PRODUCTO
REVLON - BASE PARA MAQUILLAJE PARA ROSTRO EN CREMA 30 DNA,REVLON,PRODUCTO
REVLON - COLORSTAY MAKEUP,REVLON,PRODUCTO
REVLON - BASE PARA ROSTRO 330,REVLON,PRODUCTO
REVLON - CREMA PREPARADORA P/ ROSTRO BB CREAM 010,REVLON,PRODUCTO
REVLON - BB CREAM CREMA REPARADORA PARA ROSTRO 020,REVLON,PRODUCTO
REVLON BASE 180 MEDIUM,,PRODUCTO
REVLON BASE 170 NATURAL,,PRODUCTO
REVLON - RUBOR EN POLVO PARA MEJILLAS 001,REVLON,PRODUCTO
REVLON - RUBOR EN POLVO HAUTE PINK 002,REVLON,PRODUCTO
REVLON - RUBOR EN POLVO PLAY FUL PLUM,REVLON,PRODUCTO
MAQUILLAJE POWDER BLUSH 006 NAUGHTY NUDE,,PRODUCTO
REVLON - RUBOR 007 MELON DRAMA,REVLON,PRODUCTO
REVLON - RUBOR EN POLVO PARA MEJILLAS 009,REVLON,PRODUCTO
REVLON - RUBOR EN POLVO PARA MEJILLAS 010,REVLON,PRODUCTO
REVLON - RUBOR SULTRY SIENNA,REVLON,PRODUCTO
REVLON - POLVO BRONCEADOR 012,REVLON,PRODUCTO
POWDER BLUSH DARE TO DARE,,PRODUCTO
POWDER BLUSH BRONZE BEAUTY,,PRODUCTO
REVLON - RUBOR ILUMINADOR PARA ROSTRO ROSE GLOW 020,REVLON,PRODUCTO
REVLON - RUBOR ILUMINADOR PARA ROSTRO BRONZE GLOW,REVLON,PRODUCTO
REVLON - BRILLIANT STRENGTH NAIL ENAMEL 130,REVLON,PRODUCTO
REVLON - ESMALTES BRILLINT STRENGHT 150 SEDUCE 11.7 ML,REVLON,PRODUCTO
PHOTOREADY KAJALINT EYELINER BRIGH,,PRODUCTO
REVLON DELINEADOR INTENSO P OJOS 002,REVLON,PRODUCTO
REVLON - DELINEADOR INTENSO PARA OJOS ILUMINADOR 004,REVLON,PRODUCTO
SCENTED NAIL ENAMEL BEACH,,PRODUCTO
SCENTED NAIL ENAMEL WILD VIOLETS,,PRODUCTO
REVLON - ESMALTE 070,REVLON,PRODUCTO
ALMAY - MAQUILLAJE CORRECTOR PARA ROSTRO 100,ALMAY,PRODUCTO
ALMAY BASE SMART SHADE 400,,PRODUCTO
REVLON - MAQUILLAJE EN BARRA PATA ROSTRO 10,REVLON,PRODUCTO
REVLON - MAQUILLAJE EN BARRA PATA ROSTRO 40,REVLON,PRODUCTO
REVLON - MAQUILLAJE EN BARRA PATA ROSTRO 45,REVLON,PRODUCTO
MAQUILLAJE AGE DEFYING 50 HONEY BEIGE 30 ML,,PRODUCTO
REVLON - MAQUILLAJE EN BARRA PATA ROSTRO 55,REVLON,PRODUCTO
L´OREAL - COLORSTAY EYE 16 HOUR EYE SHADOW,L´OREAL,PRODUCTO
REVLON - BRILLO LABIAL CON COLOR 560,REVLON,PRODUCTO
REVLON - BRILLO LABIAL CON COLOR 535,REVLON,PRODUCTO
ALMAY - CORRECTOR ILUMINADOR 14059,ALMAY,PRODUCTO
ALMAY - CORRECTOR ILUMINADOR 14057,ALMAY,PRODUCTO
ALMAY - POLVO SUELTO 200,ALMAY,PRODUCTO
REVLON RIMEL 001,,PRODUCTO
MAQUILLAJE GROW LUSCIUS 002 RIMEL,,PRODUCTO
REVLON RIMEL NEGRO 003,,PRODUCTO
MAQUILLAJE ALWAY POLVO SUELTO 200 MEDIUM,,PRODUCTO
REVLON - BASE DE MAQUILLAJE PARA ROSTRO 300 BEIGE,REVLON,PRODUCTO
REVLON - BASE DE MAQUILLAJE PARA ROSTRO 330 GRASO,REVLON,PRODUCTO
REVLON - BASE DE MAQUILLAJE PARA ROSTRO 250,REVLON,PRODUCTO
REVLON - BASE DE MAQUILLAJE PARA ROSTRO 330 NORMAL/SECO,REVLON,PRODUCTO
COLORSTAY PRESSED POWDER FAIR,,PRODUCTO
REVLON - COLORSTAY PRESSED POWDER LIGHT,REVLON,PRODUCTO
REVLON - POLVO COMPACTO PARA ROSTRO 830,REVLON,PRODUCTO
REVLON - POLVO COMPACTO PARA ROSTRO 840 MEDIO,REVLON,PRODUCTO
REVLON - MAQUILLAJE POLVO COMPACTO 850 MEDIUM,REVLON,PRODUCTO
REVLON - DELINEADOR PARA OJOS 501 BLACK,REVLON,PRODUCTO
REVLON DELINEADOR MARRON P/ OJOS 502,REVLON,PRODUCTO
REVLON DELINEADOR AZUL P/ OJOS 506,,PRODUCTO
CROW LUSDIOLS NAWP MASCARAWP,,PRODUCTO
L´OREAL - REVLON ULTRA HD LIPSTICK GLADIOLUS,L´OREAL,PRODUCTO
REVLON - LAPIZ LABIAL 880,REVLON,PRODUCTO
L´OREAL - REVLON ULTRA HD LIPSTICK ORCHID,L´OREAL,PRODUCTO
REVLON - BALSAMO MATE PARA LABIOS COMPLEX 230,REVLON,PRODUCTO
REVLON - BALSAMO MATTE PARA LABIOS 205,REVLON,PRODUCTO
REVLON - BALSAMO MATE PARA LABIOS SULTRY 225,REVLON,PRODUCTO
REVLON - BALSAMO ULTRA BRILLANTE 260,REVLON,PRODUCTO
REVLON - BALSAMO ULTRA BRILLANTE 210,REVLON,PRODUCTO
MAQUILLAJE COLORBUST 215,,PRODUCTO
REVLON - BALSAMO ULTRA BRILLANTE 245,REVLON,PRODUCTO
REVLON - LAPIZ LABIAL 240,REVLON,PRODUCTO
MAQUILLAJE COLORBUST 250,,PRODUCTO
REVLON - BALSAMO ULTRA BRILLANTE 255,REVLON,PRODUCTO
REVLON - LABIAL MATTE PASSIONATE,REVLON,PRODUCTO
REVLON - BALSAMO ULTRA BRILLANTE 265,REVLON,PRODUCTO
REVLON - MATTE BALM FIERY,REVLON,PRODUCTO
REVLON - BALSAMO ULTRA BRILLANTE INGENUE 145,REVLON,PRODUCTO
REVLON - BALSAMO ULTRA BRILLANTE 140,REVLON,PRODUCTO
REVLON - COLORBUST LACQUER BALM DEMURE 105,REVLON,PRODUCTO
REVLON - BALSAMO ULTRA BRILLANTE VIVACIOUS 120,REVLON,PRODUCTO
COLORBURST LACQUER BALM,,PRODUCTO
REVLON - BALSAMO ULTRA BRILLANTE WIMSICAL 115,REVLON,PRODUCTO
REVLON - BALSAMO ULTRA BRILLANTE TEASE 130,REVLON,PRODUCTO
REVLON - COLORBURST LACQUER BALM 135,REVLON,PRODUCTO
REVLON - COLORBURST LACQUER BALM ENTICING 150,REVLON,PRODUCTO
REVLON - BRILLO LABIAL 055,REVLON,PRODUCTO
COLORSTAY MOISTURE STAINLA,,PRODUCTO
REVLON - BRILLO LABIAL 030,REVLON,PRODUCTO
REVLON - BRILLO LABIAL 045,REVLON,PRODUCTO
MAQUILLAJE BRILLO MOISTURE STAIN 005 PARISIN,,PRODUCTO
REVLON - BRILLO LABIAL 050,REVLON,PRODUCTO
REVLON - ESMALTES COLORSTAY GEL ENVY 110 LADY LUCK 11.7 ML,REVLON,PRODUCTO
REVLON - COLORSTAY 020,REVLON,PRODUCTO
REVLON - ESMALTES COLORSTAY GEL ENVY 620 ROULETTE RUSH,REVLON,PRODUCTO
REVLON - COLORSTAY 600,REVLON,PRODUCTO
SALLYHANSEN - UP IN CHARMS 015,SALLYHANSEN,PRODUCTO
REVLON - COLORSTAY 535,REVLON,PRODUCTO
REVLON - NEW COLORSTAY CONCEALER LIGTH,REVLON,PRODUCTO
REVLON - CORRECTOR P/ ROSTRO 03 LIGHT MEDIUM,REVLON,PRODUCTO
REVLON - CORRECTOR P/ ROSTRO 05 MEDIUM,REVLON,PRODUCTO
AGE DEFYING WITH DNA ADVANTAGE,,PRODUCTO
REVLON - BALSAMO ULTRA BRILLANTE 001,REVLON,PRODUCTO
REVLON - BALSAMO ULTRA BRILLANTE 005,REVLON,PRODUCTO
REVLON - LAPIZ LABIAL HUMECTANTE CON COLOR DARLING 010,REVLON,PRODUCTO
REVLON - LAPIZ LABIAL HUMECTANTE CON COLOR CHERISH 015,REVLON,PRODUCTO
REVLON - BALSAMO ULTRA BRILLANTE 035,REVLON,PRODUCTO
REVLON - LAPIZ LABIAL HUMECTANTE CON COLOR 040 RENDEZVOUS,REVLON,PRODUCTO
REVLON - LAPIZ LABIAL HUMECTANTE CON COLOR 045 ROMANTIC,REVLON,PRODUCTO
REVLON - MASCARA P/ PESTANAS 502 ROJO,REVLON,PRODUCTO
REVLON - MAQUILLAJE EN BARRA PATA ROSTRO 120,REVLON,PRODUCTO
PHOTOREADYINSTA FIX MAKEUP SHELL,,PRODUCTO
REVLON - PHOTOREADY 140 NUDE,REVLON,PRODUCTO
REVLON - PHOTOREADY CORRECTOR,REVLON,PRODUCTO
REVLON - MAQUILLAJE EN BARRA PATA ROSTRO 170,REVLON,PRODUCTO
ALMAY - MAQUILLAJE PARA ROSTRO 200,ALMAY,PRODUCTO
REVLON - LAPIZ P/ OJOS 301,REVLON,PRODUCTO
COLORBUST LIP SUTTER CUPCAKE,,PRODUCTO
09 ULTIMATE SLIEDE LIPSTICK SOCIALITE,,PRODUCTO
L´OREAL - CORSTAY BROW PENCILA UBURN,L´OREAL,PRODUCTO
L´OREAL - NOT JUST NUDES SHADOW,L´OREAL,PRODUCTO
L´OREAL - NOT JUST NUDES SHADOW PALETTE,L´OREAL,PRODUCTO
REVLON - DELINEADOR PARA LABIOS PIEL 630,REVLON,PRODUCTO
REVLON - LIPLINER OZ SIENNA,REVLON,PRODUCTO
REVLON - LAPIZ DELINEADOR PARA LABIOS UVA PASA 640,REVLON,PRODUCTO
REVLON - LAPIZ DELINEADOR PARA LABIOS 645,REVLON,PRODUCTO
REVLON - LAPIZ DELINEADOR DE LABIOS 650,REVLON,PRODUCTO
REVLON - LIPLINER,REVLON,PRODUCTO
REVLON - LIPLINER PLUM,REVLON,PRODUCTO
REVLON - LAPIZ DELINEADOR PARA LABIOS VINO 670,REVLON,PRODUCTO
REVLON - LIPLINER FUCHIA,REVLON,PRODUCTO
REVLON - ULTRA HD MATTE LIPCOLOR OBSESSION,REVLON,PRODUCTO
REVLON - ULTRA HD MATTE LIPCOLOR DEVOTION,REVLON,PRODUCTO
REVLON - ULTRA HD MATTE LIPCOLOR FURTATION,REVLON,PRODUCTO
REVLON - ULTRA HD MATTE LIPCOLOR ADDICTION,REVLON,PRODUCTO
REVLON - ULTRA HD MATTE LIPCOLOR SEDUCTION,REVLON,PRODUCTO
REVLON - ULTRA HD MATTE LIPCOLOR SPARK,REVLON,PRODUCTO
L´OREAL - AGE DEFYING WITH DNA ADVANTAGE,L´OREAL,PRODUCTO
REVLON - POLVO COMPACTO PARA ROSTRO 25,REVLON,PRODUCTO
ULTIMATE SU,,PRODUCTO
REVLON - LAPIZ LABIAL DE LARGA DURACION 025,REVLON,PRODUCTO
08 ULTIMATE SLIEDE LIPSTICK HIGH HEELS,,PRODUCTO
REVLON - LAPIZ LABIAL DE LARGA DURACION 035,REVLON,PRODUCTO
REVLON - LAPIZ LABIAL DE LARGA DURACION 045,REVLON,PRODUCTO
REVLON LAPIZ DE LABIOS LARGA DURACION COLOR STAY 060,,PRODUCTO
ULTIMATE SUEDE LIP STICK PREVIEW,,PRODUCTO
REVLON - LAPIZ LABIAL DE LARGA DURACION 075,REVLON,PRODUCTO
ULTIMATE SU LIPSTICK,,PRODUCTO
REVLON LAPIZ LABIAL LARGA DURACION 085,,PRODUCTO
REVLON - LAPIZ LABIAL DE LARGA DURACION 095,REVLON,PRODUCTO
REVLON - LAPIZ LABIAL HUMECTANTE 010,REVLON,PRODUCTO
REVLON - LAPIZ LABIAL HUMECTANTE 040,REVLON,PRODUCTO
COLORBLIRST LIP BUTTER JUICY PAPAYA,,PRODUCTO
REVLON - LAPIZ LABIAL HUMECTANTE 065,REVLON,PRODUCTO
REVLON - LAPIZ LABIAL DE LARGA DURACION 070,REVLON,PRODUCTO
MAQUILLAJE LABIAL 080 STRAWBERRY SHORTCAKE,,PRODUCTO
REVLON - SOMBRA PARA LOS OJOS 500,REVLON,PRODUCTO
REVLON - SOMBRA PARA OJOS 505,REVLON,PRODUCTO
REVLON - SOMBRA PARA OJOS 515,REVLON,PRODUCTO
REVLON - SOMBRA PARA LOS OJOS 520,REVLON,PRODUCTO
REVLON - SOMBRA PARA LOS OJOS 525,REVLON,PRODUCTO
REVLON COLORSATAY SOMBRA * 4 NO 535,,PRODUCTO
REVLON - SOMBRA PARA OJOS 540,REVLON,PRODUCTO
REVLON - SOMBRA PARA OJOS 555,REVLON,PRODUCTO
REVLON - SOMBRA PARA LOS OJOS 560,REVLON,PRODUCTO
MAQUILLAJE COLORSTAY SOMBRA 570 LOSCIUS,,PRODUCTO
REVLON - SOMBRA PARA LOS OJOS 595,REVLON,PRODUCTO
REVLON - ULTRA VOLUME BLACKEST BLACK,REVLON,PRODUCTO
REVLON - ULTRA VOLUME M BLACKEST ASCARA,REVLON,PRODUCTO
REVLON - MASCARA DE PESTANAS BLACK NOIR 302,REVLON,PRODUCTO
REVLON - MASCARA P/ PESTANAS 001,REVLON,PRODUCTO
GROWLUSCIDUS PLUMPING MASCARA,,PRODUCTO
REVLON - MASCARA P/ PESTANAS 351,REVLON,PRODUCTO
MAQUILLAJE 423 PINK VELVET,,PRODUCTO
REVLON RUBOR PROTOREADY NO 001,,PRODUCTO
REVLON - RUBOR EN POLVO PARA MEJILLAS NEUTRAL 003,REVLON,PRODUCTO
REVLON - LAPIZ LABIAL 16HS 020,REVLON,PRODUCTO
REVLON - LAPIZ LABIAL 16HS 040,REVLON,PRODUCTO
REVLON - LAPIZ LABIAL 16HS 140,REVLON,PRODUCTO
REVLON - LAPIZ LABIAL CON COLOR BRILLO HUMECTANTE 260,REVLON,PRODUCTO
REVLON - LAPIZ LABIAL CON COLOR 340,REVLON,PRODUCTO
REVLON - LAPIZ LABIAL 16HS 380,REVLON,PRODUCTO
REVLON - LAPIZ LABIAL 16HS 005,REVLON,PRODUCTO
REVLON - LAPIZ LABIAL 457,REVLON,PRODUCTO
REVLON - LAPIZ LABIAL BLUSHING MAUVE 460,REVLON,PRODUCTO
REVLON - LAPIZ LABIAL 470,REVLON,PRODUCTO
REVLON - LAPIZ LABIAL 477,REVLON,PRODUCTO
REVLON - LAPIZ LABIAL KISS ME 750,REVLON,PRODUCTO
CND - CUTICLE ERASER 14 G,CND,PRODUCTO
SALLY HANSEN COLOR CARE 4660-28-,,PRODUCTO
EXEL EMULCION DE LIMPIEZA * 250 ML,,PRODUCTO
REVLON ESMALTE 490,,PRODUCTO
REVLON ESMALTE 141 ANGELIC,REVLON,PRODUCTO
REVLON ESMALTE 840,REVLON,PRODUCTO
REVLON ESMALTE N0 365,REVLON,PRODUCTO
REVLON ESMALTE N09 370,REVLON,PRODUCTO
REVLON ESMALTE 375,REVLON,PRODUCTO
REVLON ESMALTE NO 670,REVLON,PRODUCTO
REVLON ESMALTE CANDY 130,REVLON,PRODUCTO
REVLON - ESMALTE 300 COTTON,REVLON,PRODUCTO
REVLON - ESMALTE 305 SUBLIME,REVLON,PRODUCTO
REVLON ESMALTE 355,REVLON,PRODUCTO
REVLON ESMALTE 220 BUBBLE,REVLON,PRODUCTO
REVLON ESMALTE 110,,PRODUCTO
REVLON ESMALTE 730,,PRODUCTO
REVLON ESMALTE NO 909,REVLON,PRODUCTO
REVLON ESMALTE 917 PLUM,,PRODUCTO
REVLON ESMALTE N0 912,,PRODUCTO
SALLYHANSEN - ACIDO PARA REPARAR CUTICULAS 41053,SALLYHANSEN,PRODUCTO
REVLON LAPIZ LABIAL LARGA DURACION 001,,PRODUCTO
REVLON ESMALTE 901,,PRODUCTO
COLORBURST LACQUER BALM TEASE,,PRODUCTO
AGE DEFYNYING FIRMING+LIFTING MAKEUP,,PRODUCTO
COLORBLIRST LIP BUTTER LOLLIPOP,,PRODUCTO
COLORBLIRST LIP BUTTER SORBET,,PRODUCTO
REVLON CORRECTOR PARA CONTORNO DE OJOS,,PRODUCTO
SALLY HANSEN WEAR 81,,PRODUCTO
MAXFACTOR - LAPIZ LABIAL 24HS 125 SO GLAMOROUS,MAXFACTOR,PRODUCTO
LIPFINITY RESTAGE JUST IN LOVE,,PRODUCTO
MAXFACTOR - LAPIZ LABIAL 24HS 370 ALWAYS EXTRAVAGANT,MAXFACTOR,PRODUCTO
MAXFACTOR - LAPIZ LABIAL 24HS 115 CONFIDENT,MAXFACTOR,PRODUCTO
SALLYHANSEN - NAIL POLISH BLACK OUTY Z4860-28,SALLYHANSEN,PRODUCTO
LIFFINITY COLOUR & GLOSS BURGLINDY,,PRODUCTO
MAXFACTOR - GLOSS RADIAN ROSE,MAXFACTOR,PRODUCTO
MAXFACTOR - GLOSS REFLECTIVE,MAXFACTOR,PRODUCTO
MAXFACTOR - GLOSS RADIANT RED,MAXFACTOR,PRODUCTO
MAXFACTOR - BRONZING POWDER BRONZE,MAXFACTOR,PRODUCTO
MAXFACTOR - MASCARA DE PESTANAS BLACK (NEGRO),MAXFACTOR,PRODUCTO
REVLON - MASCARA P/ PESTANAS,REVLON,PRODUCTO
MAXFACTOR - NATURAL MINERALS BRONZE,MAXFACTOR,PRODUCTO
NATURAL MINERALS FOUND CARAMEL,,PRODUCTO
MAQUILLAJE LIPFINITY 320 RED CORAL,,PRODUCTO
MAXFACTOR - PINTURA DE LABIOS + BARRA TRANSPARENTE 350,MAXFACTOR,PRODUCTO
LIFFINITY COLOUR & GLOSS ESSENTIAL,,PRODUCTO
MAX FACTOR BRILLO 15,,PRODUCTO
MAXFACTOR - MAX FACTOR BRILLO 03,MAXFACTOR,PRODUCTO
MAX FACTOR POLVO COMPACTO 01,,PRODUCTO
MAXFACTOR - FLISION MASCARA BLACK (LILA),MAXFACTOR,PRODUCTO
MAXFACTOR - 2X1 FUNDATION + SERUM PORCELAIN 30,MAXFACTOR,PRODUCTO
MAQUILLAJE MAXFACTOR AGELESS ELIXIR 50 NATURAL,,PRODUCTO
LIFFINITY COLOUR AND GLOSS NATURAL,,PRODUCTO
KERASTASE - COFRE DICIPLINE,KERASTASE,PRODUCTO
EXEL GEL HIDRATANTE C/ VITAMINA C * 30 CC,,PRODUCTO
EXEL - EMULSION DE LIMPIEZA CON VITAMINA E 250ML,EXEL,PRODUCTO
EXEL - LOCION HERBACEA DESCONGESTIVA Y TONIFICANTE 250ML,EXEL,PRODUCTO
EXEL - ESPUMA DE LIMPIEZA PARA CUTIS GRASO 170ML,EXEL,PRODUCTO
EXEL - GEL CONTORNO 30ML,EXEL,PRODUCTO
DIAMOND ILLUM CONDITIONER 1000ML,,PRODUCTO
GERMAINE DE CAPUCCINI - FLASH LIFT 15UN X 1,GERMAINE DE CAPUCCINI,PRODUCTO
REVLON - CREMA VOLUMINIZADORA Y DISCIPLINANTE P/ RULOS 95ML,REVLON,PRODUCTO
REVLON - ESMALTES 571 POSH 14.7 ML,REVLON,PRODUCTO
REVLON - ESMALTE POSH PINK 912,REVLON,PRODUCTO
ALMAY LINE SMOOTHING 5.3 ML,,PRODUCTO
REVLON CORRECTOR AGE DEFYING 03 04,,PRODUCTO
REVLON ESMALTE 571,,PRODUCTO
BLOND STUDIO MULTI TECHNI CREMA DECOLORANTE,,PRODUCTO
SILKEY PROFESIONAL - CREMA DECOLORANTE,SILKEY PROFESIONAL,PRODUCTO
KERASTASE MASQUE CRHOMA RICHE 200 ML,,PRODUCTO
REVLION CREMA ARUAL,,PRODUCTO
EXEL - EMULSION CORPORAL NUTRI-ACTIVA 250ML,EXEL,PRODUCTO
NATURAL HONEY - AVENA 100% NATURAL QUE PROPORCIONA SUAVIDAD,NATURAL HONEY,PRODUCTO
NATURAL HONEY - PIEL NORMAL Y SECA MIEL 100% NATURAL ACEITE DE,NATURAL HONEY,PRODUCTO
NATURAL HONEY - PIEL MUY SECA MIEL 100% NATURAL ACEITE DE ALMENDRAS,NATURAL HONEY,PRODUCTO
NATURAL HONEY - PIEL CON CELULITIS EXTRACTO DE SOJA ALGAS MARINAS 400ML,NATURAL HONEY,PRODUCTO
6 Y 9 REVITALIZANTE DE LA PIEL 330ML" - "CON OMEGA 3,6 Y 9 REVITALIZANTE DE LA PIEL 330ML",NATURAL HONEY
NATURAL HONEY - LOCION BENEFICIOS 7 EN 1 330ML,NATURAL HONEY,PRODUCTO
NATURAL HONEY - LOCION NUTRITIVA SENSORIAL 25% ACEITES HIDRATANTES,NATURAL HONEY,PRODUCTO
REVLON - ACONDICIONADOR DESENREDANTE SIN ACLARADO (CELESTE),REVLON,PRODUCTO
REVLON - ACONDICIONADOR DESENREDANTE SIN ACLARADO PARA,REVLON,PRODUCTO
NATURAL HONEY - EXTRACTO DE LIRIO DE AGUA Q POSEE EFECTO RELAJANTE Y,NATURAL HONEY,PRODUCTO
NATURAL HONEY - ACEITE DE ARGAN QUE PROPORCIONA UN BANO DE EXOTISMO,NATURAL HONEY,PRODUCTO
NATURAL HONEY - EXTRACTO DE TE BLANCO QUE PROPORCIONA UN BANO DE,NATURAL HONEY,PRODUCTO
NATURAL HONEY - EXTRACTO DE TE VERDE ESTIMULA Y RELAJA EN EL BANO,NATURAL HONEY,PRODUCTO
NATURAL HONEY - MIEL 100% NATURAL CON EXTRACTO DE PROPOLIS QUE NUTRE,NATURAL HONEY,PRODUCTO
LOREAL SHAMPOO APLICACION,,PRODUCTO
LOREAL ACONDICIONADOR APLICACION,,PRODUCTO
REVLON - DORADO 300,REVLON,PRODUCTO
REVLON - AZUL 100,REVLON,PRODUCTO
REVLON - PLATINO 1002,REVLON,PRODUCTO
REVLON - VIOLET 200,REVLON,PRODUCTO
REVLON - IRISADO 1022 MN,REVLON,PRODUCTO
REVLON - GRIS BRONCE 0.17,REVLON,PRODUCTO
REVLON - GRIS IRISADO 0.12,REVLON,PRODUCTO
GEL DE LIMPIEZA PROTECTOR LACA,,PRODUCTO
SERUM LIPOSOMADO HIALURONICO LACA,,PRODUCTO
CREMA LOPOSOMA CON ACIDO HIALURONICO LACA,,PRODUCTO
LAPIZ SECATIVO 3.5 LACA,,PRODUCTO
LAPIZ SECATIVO LACA,,PRODUCTO
L´OREAL - SINFULCOLORS NAIL RUBY RUBY,L´OREAL,PRODUCTO
EXEL CLEASING LOTION 250 ML,,PRODUCTO
EXEL LOCIONE VEGETALE 250 ML,,PRODUCTO
EXEL HERBAL PURIFING 250 ML,,PRODUCTO
EXEL - LOCION TONIFICANTE CON COLAGENO 250ML,EXEL,PRODUCTO
KERASTASE - TRATAMIENTO SIN ACLARADO 200ML (MARRON),KERASTASE,PRODUCTO
LOREAL LISS ULTIME 200 ML,,PRODUCTO
KERASTASE MASQUE CRHOMA RICHE 1000 ML,,PRODUCTO
KER MASQUE MAQUISTENSE GRUESOS 200 ML,,PRODUCTO
RVLON COLOR SIBLIME 200 ML,,PRODUCTO
KERASTASE OLEO RELAX SLIM 200 ML,,PRODUCTO
LOREAL ABSOLUT REPAIR 200 ML,,PRODUCTO
KERASTASE - MASCARILLA FLEXIBILIZANTE PARA CABELLOS SECOS Y MUY,KERASTASE,PRODUCTO
KERASTASE - TRATAMIENTO SUAVIZANTE LUMUNISCENTE P/ CABELLOS,KERASTASE,PRODUCTO
KERASTASE - TRATAMIENTO SUAVIZANTE PARA CABELLOS COLOREADOS,KERASTASE,PRODUCTO
KERASTASE - TRATAMIENTO RECONSTITUYENTE PROFUNDO ANTI FOTO-,KERASTASE,PRODUCTO
L´OREAL - MASCARILLA SUAVIZANTE PARA CABELLOS REBELDES 200ML,L´OREAL,PRODUCTO
KERASTASE - TRATAMIENTO CON ACLARADO 200ML,KERASTASE,PRODUCTO
KERASTASE - MASCARILLA REDUCTORA DE VOLUMEN 200ML,KERASTASE,PRODUCTO
L´OREAL - LOREAL MASCARA FORCE VECTOR 200ML,L´OREAL,PRODUCTO
KERASTASE - MASCARILLA REGENERADORA P/ CUERO CABELLUDO Y,KERASTASE,PRODUCTO
L´OREAL - MASCARILLA GEL-FIJADORA DE COLOR 200ML,L´OREAL,PRODUCTO
KERASTASE - MASCARILLA DE ALTA NUTRICION TERMO-ACTIVADA 200ML,KERASTASE,PRODUCTO
KERASTASE - MASCARILLA DE ALTA NUTRICION 500ML,KERASTASE,PRODUCTO
L´OREAL - BALSAMO REPARADOR CELULAR CABELLOS MUY ESTROPEADOS,L´OREAL,PRODUCTO
KERASTASE MASQUE FORCE ARCHITECTE 200ML,,PRODUCTO
KERASTASE MASQUE FORCE ARCHITEC,,PRODUCTO
KERASTASE - MASQUE FORCE ARCHITECTE 500ML,KERASTASE,PRODUCTO
KERASTASE - MASCARILLA INTENSIFICADORA DE BRILLO PARA CABELLOS,KERASTASE,PRODUCTO
L´OREAL - LOREAL LP MYTHIC OIL MASQUE 200 ML,L´OREAL,PRODUCTO
LP MYTHIC OIL MASQUE 500ML,,PRODUCTO
KERASTASE - MASCARILLA CATAPLASMA SUBLIMADORA CON OLEO-COMPLEX,KERASTASE,PRODUCTO
L´OREAL - BALSAMO RESTAURADOR DE QUERATINA PARA CABELLOS,L´OREAL,PRODUCTO
KERASTASE - LISS UNLIMITED 200ML,KERASTASE,PRODUCTO
LOREAL MASCARA LISS UNLIMITED 500 ML,,PRODUCTO
KERASTASE - MASCARILLA PERFECCIONADORA MULTI-LUMINOSIDAD 200ML,KERASTASE,PRODUCTO
KERASTASE - MASCARILLA PERFECCIONADORA MULTI-LUMINOSIDAD 500ML,KERASTASE,PRODUCTO
MASQUINTENSE FINS-FINE,,PRODUCTO
KERASTASE - MASCARA DE NUTRICION EXEPCIONAL 500ML,KERASTASE,PRODUCTO
KERASTASE - MASCARILLA INTENSA PARA CABELLOS GRUESOS 200ML,KERASTASE,PRODUCTO
L´OREAL - MASCARA RECONTRUCTORA INSTANTANEA 200ML,L´OREAL,PRODUCTO
L´OREAL - BALSAMO RECONSTRUCTOS INSTANTANEO 500ML,L´OREAL,PRODUCTO
KERASTASE - KER DICIPLINE,KERASTASE,PRODUCTO
KERASTASE - DENSIFIQUE MASCARA RECOV. SISTEMOX 250ML,KERASTASE,PRODUCTO
KERASTASE - DENSIFIQUE MASCARA RECOV. SISTEMOX 500ML,KERASTASE,PRODUCTO
KERASTASE - MASCARILLA REGENERADORA RECONSTRUCTORA 200ML,KERASTASE,PRODUCTO
KERASTASE - THERAPISTE MASQUE 500ML,KERASTASE,PRODUCTO
LOREAL MASCARA VITAMINO COLOR 200ML,,PRODUCTO
L´OREAL - MASCARA P/ CABELLOS CON REFLEJOS SENSIBILIZADOS 500ML,L´OREAL,PRODUCTO
KERASTASE - MASCARA REAFIRMANTE PARA CABELLOS CON PERDIDA DE,KERASTASE,PRODUCTO
KERASTASE AGE RECHARGE 200 ML,,PRODUCTO
KERASTASE OLEO RELAX 200 ML,KERASTASE,PRODUCTO
NUTRIFIER MASQUE 500ML,,PRODUCTO
MYTHIC OIL MASQUE P/ CABELLOS GRUESOS,,PRODUCTO
KERASTASE - DISCIPLINE MASKERATINE 200ML,KERASTASE,PRODUCTO
KERASTASE OLEO RELAX 200 ML,,PRODUCTO
KERASTASE ELEXIR ULTIME 200 ML,,PRODUCTO
REVLON - TRATAMIENTO PROTECTOR COLOR 200ML,REVLON,PRODUCTO
REVLON - UNOQONE HAIR TREATMENT 150ML,REVLON,PRODUCTO
LOREAL MYTHIC OIL MASQUE 200 ML,,PRODUCTO
MASCARA ABSOLUT REPAIR 500 ML,,PRODUCTO
KERASTASE MAQUISTANCE 200 ML,,PRODUCTO
KERASTASE CHROMA REFLECT 125ML,,PRODUCTO
EMULSION D`EYERLY,,PRODUCTO
TIGI HARD HOLA HAIR SPRAY 400 ML,,PRODUCTO
KERASTASE - TRATAMIENTO DE AMPLIFICADOR DE BRILLO PARA CABELLOS,KERASTASE,PRODUCTO
ALFA PAR CRISTALLI LIQUIDI 50 ML,,PRODUCTO
COLORKEY MILENIUM,,PRODUCTO
LOREAL AMPOLLO LISS UNLIMITED POST SH PROTEC OIL,,PRODUCTO
KERASTASE NECTAR THERMIQUE 150 ML,,PRODUCTO
TIGI SPRAY FIJADOR EXTRAFUERTE HARD HEAD,TIGI,PRODUCTO
TIGI THICKENING CREAM 100 ML,TIGI,PRODUCTO
TIGI - LILA (BLA BLA) 200 ML,TIGI,PRODUCTO
TIGI EGO BOOST 200 ML,TIGI,PRODUCTO
TERMINACION TIGI MANIPULADOR 57 ML,TIGI,PRODUCTO
TIGI CURL ROCK 250 ML,TIGI,PRODUCTO
TIGI SUPERFICIAL 100 ML,TIGI,PRODUCTO
TIGI FIRM HOLA HAIRS SPRAY 300 ML,,PRODUCTO
TIGI SOME LIKE IT HOT 100ML,TIGI,PRODUCTO
TIGI LIGHT WEGHT MOUSSE 200 ML,,PRODUCTO
TIGI SPRITE Y SHINE 200 ML,,PRODUCTO
REVLON - TRATAMIENTO CAPILAR ONE COCONUT 150ML,REVLON,PRODUCTO
LOREAL AMPOLLA ABSOLUT REPAIR CELLULAR POWERCELL 30,,PRODUCTO
KERASTASE FISIO DOSE BOOSTER CERAMIDAS 15 ML,,PRODUCTO
KERASTASE - ESCENCIA SUAVIZANTE LUMINISCENTE PARA CABELLOS,KERASTASE,PRODUCTO
L´OREAL - LOREAL LISS ULTIME 125 ML,L´OREAL,PRODUCTO
L´OREAL - LOREAL LISS ULTIME 150ML,L´OREAL,PRODUCTO
L´OREAL - LOREAL LISS ULTIME REFLEXION 50 ML,L´OREAL,PRODUCTO
KERASTASE - TRATAMIENTO NUTRITIVO-TERMO PROTECTOR 150ML,KERASTASE,PRODUCTO
KERASTASE - TRATAMIENTO DE NOCHE SUAVIZANTE EFECTO REGENERANTE,KERASTASE,PRODUCTO
LOREAL ABSOLUT REPAIR TTO. TERMO REPARADOR 150ML,,PRODUCTO
KERASTASE - TRATAMIENTO DIARIO RECONSTITUYENTE PARA CABELLOS,KERASTASE,PRODUCTO
LOREAL FORCE VECTOR 200 ML,,PRODUCTO
L´OREAL - TRATAMIENTO TERMOACTIVO FORTIFICANTE ANTIQUIEBRA,L´OREAL,PRODUCTO
KERASTASE - THERMO-SHINE 150ML,KERASTASE,PRODUCTO
KERASTASE - TRATAMIENTO ANTI CAIDA NUTRI ENERGETICO 125ML,KERASTASE,PRODUCTO
KERASTASE - OLEO COMPLEX DORADO 125 ML,KERASTASE,PRODUCTO
L´OREAL - SERUM TRATANTE PUNTAS MUY DANADAS 50 ML,L´OREAL,PRODUCTO
L´OREAL - TRATAMIENTO TERMO-REPARADOR CABELLOS MUY,L´OREAL,PRODUCTO
L´OREAL - SERUM ACTIVO PUNTAS MUY ESTROPEADAS 150ML,L´OREAL,PRODUCTO
LOREAL MYTHIC OIL 125 ML,,PRODUCTO
KERASTASE - DOBLE SERUM RENOVADOR DE MATERIA PARA LARGOS MUY,KERASTASE,PRODUCTO
L´OREAL - MILK 125ML,L´OREAL,PRODUCTO
KERASTASE - LECHE RECONSTRUCTORA TERMO-ACTIVADSA P/ CABELLO,KERASTASE,PRODUCTO
L´OREAL - ACEITE NOURISHING 50ML,L´OREAL,PRODUCTO
L´OREAL - ACEITE 50ML,L´OREAL,PRODUCTO
KERASTASE - OLEO COMPLEXE ROSA 125ML,KERASTASE,PRODUCTO
KERASTASE - OLEO COMPLEX VERDE 125ML,KERASTASE,PRODUCTO
KERASTASE CURE INTENSIVE 10/6 ML,,PRODUCTO
L´OREAL - CREMA RESTAURADORA DE QUERATINA PARA CABELLOS,L´OREAL,PRODUCTO
LOREAL SERUM LISS UNLIMITE 30 ML,,PRODUCTO
KERASTASE - CREMA PROTECTOR SOLEIL 150ML,KERASTASE,PRODUCTO
KERASTASE - DOBLE SERUM ESCULTOR BRILLO LIGERESA Y MOVIMIENTO,KERASTASE,PRODUCTO
KER NUT ELIXIR ULTIME CREMA SUBLIMADORA S/E 1,,PRODUCTO
KERASTASE IRIS ROYAL TOUCHE PERFCTION 40ML,KERASTASE,PRODUCTO
KERASTASE AMINEXIL FORCE R 10X6ML,KERASTASE,PRODUCTO
L´OREAL - DOBLE SERUM REPARADOR DE PUNTAS 2X15ML,L´OREAL,PRODUCTO
L´OREAL - SERUM RECONSTRUCTOR 50ML,L´OREAL,PRODUCTO
L´OREAL - TRATAMIENTO UNIDOSIS RECONSTRUCCION INSTANTANEA,L´OREAL,PRODUCTO
KERASTASE DICIPLINE KER THERMIQUE 150ML,KERASTASE,PRODUCTO
KERASTASE - DICIPLINE FLUIDISSIME,KERASTASE,PRODUCTO
L´OREAL - MYTHIC OIL ACEITE NUTRITIVO OIL 100ML,L´OREAL,PRODUCTO
KERASTASE - ACEITE REPARADOR 2X15ML,KERASTASE,PRODUCTO
KERASTASE - VITAMINO COLOR 150X 10,KERASTASE,PRODUCTO
L´OREAL - LECHE TERMOACTIVA. ALISADO PERFECTO 150ML HOT STYLE,L´OREAL,PRODUCTO
L´OREAL - LISS CONTROL 50 ML,L´OREAL,PRODUCTO
L´OREAL - TRATAMIENTO ALISANTE LUMINOSIDAD PARA CABELLOS,L´OREAL,PRODUCTO
L´OREAL - MASCARILLA DE BRILLO CABELLOS CON MECHAS 200ML,L´OREAL,PRODUCTO
L´OREAL - SERUM GLOSS DICIPLINANTE CABELLOS CON MECHAS 50ML,L´OREAL,PRODUCTO
L´OREAL - LOREAL SHINE CURL 200 ML,L´OREAL,PRODUCTO
KERASTASE - TRATAMIENTO DE ALISADO DICIPLINANTE 125ML,KERASTASE,PRODUCTO
KERASTASE LAIT APRESS SOLEIL 150 ML,,PRODUCTO
KERASTASE LIPO RECHARGE 10 *6 ML,KERASTASE,PRODUCTO
KERASTASE CIMENT THERMIQUE 125 ML,,PRODUCTO
KERASTASE - KER ELIXIR ULTIME ORIGINAL 100ML,KERASTASE,PRODUCTO
KERASTASE - ELIXIR ULTIME CABELLOS CON COLOR 100ML,KERASTASE,PRODUCTO
MAJIREL MIX BOOST FROID VIOLETA 50ML,,PRODUCTO
MAJIREL MIX BOOST FROID AZUL 50ML,,PRODUCTO
MAJIREL MIX BOOST FROID VERDE 50ML,,PRODUCTO
KERASTASE - MAGISTRAL SOIN N3 PROTOCOLE SERUM BOOST,KERASTASE,PRODUCTO
L´OREAL - LP SMARTBOND,L´OREAL,PRODUCTO
LP SE SH INFORCER B6 + BIOTIN 300ML,,PRODUCTO
LP SE SH INFORCER B6 + BIOTIN 500ML,,PRODUCTO
LP SE SH INFORCER B6 + BIOTIN 1500ML,,PRODUCTO
LP SE SH INFORCER B6 + BIOTIN SOIND ACOND 200ML,,PRODUCTO
LP SE SH INFORCER B6 + BIOTIN SOIND ACOND 750ML,,PRODUCTO
LP SE SH INFORCER B6 + BIOTIN SOIND MASQUE 250ML,,PRODUCTO
LP SE SH INFORCER B6 + BIOTIN SOIND MASQUE 500ML,,PRODUCTO
SCHWARZKOPF TONICO SEBORIN 400 ML,,PRODUCTO
SCHWARZKOPF - SPRAY SUPER FUERTE CON BRILLO 250ML,SCHWARZKOPF,PRODUCTO
SCHWARZKOPF - SPRAY ULTRA FUERTE 250ML,SCHWARZKOPF,PRODUCTO
SCHWARZKOPF - SPRAY SUPER FUERTE 250ML,SCHWARZKOPF,PRODUCTO
TAFT ULTRA GLANZ HAIR SPRAY 250 ML,,PRODUCTO
WELLA - SPRAY DE ACABADO P/ EL CABELLO 300ML,WELLA,PRODUCTO
SCHWARZKOPF TAFT ULTRA SHINE HAIR LACQUET 250 ML,,PRODUCTO
WELLA - ESPUMA DE FIJACION LIJERA 300ML,WELLA,PRODUCTO
RO COLORMESTIQUE,,PRODUCTO
RP COLORMESTIQUE 9,,PRODUCTO
KIT KERASTASE,KERASTASE,PRODUCTO
KIT KERASTASE,,PRODUCTO
SILKEY PROFESIONAL - NUTRICION CAPILAR PLUS 125ML,SILKEY PROFESIONAL,PRODUCTO
SILKEY GEL LIQUIDO ALISADOR MUCIZE 200ML,,PRODUCTO
ALFAPARF MILANO - OLEO CAPILAR 16ML,ALFAPARF MILANO,PRODUCTO
CADIVEU MAXI ONDAS TERMINACION 200 ML,,PRODUCTO
ALFAPARF MILANO - SUERO ILUMINADOR 30ML,ALFAPARF MILANO,PRODUCTO
ALFAPARF MILANO - HAIRSPRAY 500ML,ALFAPARF MILANO,PRODUCTO
ALFAPARF MILANO - PROTECTOR UV Y EXTRA BRILLANTE 30ML,ALFAPARF MILANO,PRODUCTO
ALFAPARF MILANO - SERUM PARA BRILLO 30ML,ALFAPARF MILANO,PRODUCTO
ALFAPARF MILANO - SUERO PARA BRILLO 50ML,ALFAPARF MILANO,PRODUCTO
ALFAPARF MILANO - COLOR PROTECTION CRYSTAL 30 ML,ALFAPARF MILANO,PRODUCTO
EQ NEW SOOTHING INFUSION 12X13,,PRODUCTO
PROYOU VOLUME HAIR SPRAY 500ML,,PRODUCTO
REVLON - SPRAY FIJACION FUERTE 500ML,REVLON,PRODUCTO
DEFINE Y PROLONGA EL ALISADO 350ML REVLON PROYOU,,PRODUCTO
REVLON TERMINACION PROYOU ACTIVADOR DE RISOS 350ML,,PRODUCTO
REVLON - HAIRSPRAY MODULAR 500ML,REVLON,PRODUCTO
VOLUME AMPLIFIER MOUSSE 300ML,,PRODUCTO
ORO FLUIDO ELIXIR 100ML,,PRODUCTO
ONE UNIQ COCONUT 150 ML,,PRODUCTO
ONE ROJO 150 ML,,PRODUCTO
ONE REVLON,,PRODUCTO
REVLON - TRATAMIENTO CAPILAR ONE 150ML,REVLON,PRODUCTO
REVLON - PROYOU VOLUME HAIR SPRAY 500ML,REVLON,PRODUCTO
REVLON - TRATAMIENTO ANTICAIDA DEL CABELLO 42X6,REVLON,PRODUCTO
REVLON - ROLL ON CALMANTE INSTANTANEO 20ML,REVLON,PRODUCTO
REVLON - BRILLO REPARADOR DISCIPLINANTE 125ML,REVLON,PRODUCTO
ALFA PAR COLOR ILLUMINORTING 30 ML,,PRODUCTO
ALFAPARF ACEITE SEMILLA DE LINO 30ML,,PRODUCTO
TIGI MANIPULADOR,TIGI,PRODUCTO
LAVADO,,SERVICIOS
LAVADO CON KERASTASE,,SERVICIOS
LAVADO CON KERASTASE SHAMPOO,,SERVICIOS
LAVADO CON KERASTASE ACONDICIONADOR,,SERVICIOS
LAVADO CON LOREAL,,SERVICIOS
LAVADO CON LOREAL SHAMPOO,,SERVICIOS
LAVADO CON LOREAL ACONDICIONADOR,,SERVICIOS
LAVADO CON WELLA,,SERVICIOS
LAVADO CON TIGI,,SERVICIOS
LAVADO CON REVLON,,SERVICIOS
LAVADO SIN SAL,,SERVICIOS
BANHO DE CREMA KERASTASE,,SERVICIOS
BANHO DE CREMA LOREAL,,SERVICIOS
BANHO DE CREMA OTROS PRODUCTOS,,SERVICIOS
APLICACION DE AMPOLLA SEMI DI LINO,,SERVICIOS
APLICACION DE AMPOLLA PROPOLEO,,SERVICIOS
APLICACION DE AMPOLLA KERASTASE,,SERVICIOS
SHOCK DE KERATINA,,SERVICIOS
TINTURA PELO LARGO,,SERVICIOS
TINTURA PELO MEDIANO,,SERVICIOS
TINTURA PELO CORTO,,SERVICIOS
TINTURA DE CORONA,,SERVICIOS
TINTURA CON SU PRODUCTO,,SERVICIOS
TINTURA CON INOA,,SERVICIOS
TINTURA DE CEJAS,,SERVICIOS
REFLEJOS COPA CABANA,,SERVICIOS
REFLEJOS MAYOR CANTIDAD,,SERVICIOS
REFLEJOS MENOR CANTIDAD,,SERVICIOS
ALISADO FLEQUILLO COMPLETO,,SERVICIOS
ALISADO PELO MEDIANO,,SERVICIOS
ALISADO PELO LARGO,,SERVICIOS
ALISADO PELO EXTRA LARGO,,SERVICIOS
PERMANENTE DE RULOS,,SERVICIOS
PROTECTOR PARA PERMANENTE,,SERVICIOS
PROTECTOR PARA COLOR,,SERVICIOS
SECADO,,SERVICIOS
BRUSHING PELO LARGO,,SERVICIOS
BRUSHING PELO CORTO,,SERVICIOS
RULOS CON TIJERAS,,SERVICIOS
ONDAS AL AGUA,,SERVICIOS
PLANCHITA,,SERVICIOS
PEINADO,,SERVICIOS
RETOQUE DE PEINADO,,SERVICIOS
CORTE,,SERVICIOS
CORTE 1/2,,SERVICIOS
MAQUILLAJE,,SERVICIOS
MASCARA,,SERVICIOS
PESTANA,,SERVICIOS
APLICACION DE PESTANA,,SERVICIOS
APLICACION DE AMPOLLA CAPUCHINI,,SERVICIOS
PERMANENTE DE PESTANA,,SERVICIOS
DEPILACION DE CEJA,,SERVICIOS
DEPILACION DE BOZO Y/O BIGOTE,,SERVICIOS
DEPILACION DE ENTREPIERNA,,SERVICIOS
DEPILACION DE PIERNAS COMPLETAS,,SERVICIOS
DEPILACION MEDIA PIERNA,,SERVICIOS
MANOS,,SERVICIOS
PIES,,SERVICIOS
PINTURA DE MANOS,,SERVICIOS
PINTURA DE PIES,,SERVICIOS
RETOQUE DE ESMALTE,,SERVICIOS
DIBUJO EN UNAS,,SERVICIOS
SHELLACK,,SERVICIOS
EXTRACCION DE SHELLAC,,SERVICIOS
UNAS CON GEL,,SERVICIOS
UNAS CON GEL + FRANCESITA,,SERVICIOS
UNAS ACRIGEL,,SERVICIOS
UNAS ACRILICAS,,SERVICIOS
SERVIS DE UNAS EN GEL,,SERVICIOS
SERVIS DE UNAS EN GEL + FRANCESITA,,SERVICIOS
SERVIS DE UNAS CON ACRIGEL,,SERVICIOS
SERVIS DE UNAS EN ACRIGEL + PRANCESITA,,SERVICIOS
SERVIS DE UNAS ACRILICAS,,SERVICIOS
EXFOLIACION,,SERVICIOS
PULIDO,,SERVICIOS
ZAPATILLA,,SERVICIOS
SPA DE PIES,,SERVICIOS
APLICACION DE AMPOLLA CON SU PRODUCTO,,SERVICIOS
CAFE,,SERVICIOS
GALLETITAS,,SERVICIOS
PASHMINA,,SERVICIOS
MEDIO MAQUILLAJE,,SERVICIOS
DECOLORACION DE BOZO,,SERVICIOS
DECOLORACION DE ROSTRO,,SERVICIOS
DECOLORACION DE BRAZO,,SERVICIOS
DECOLORACION ABDOMEN BRAZO Y ROSTRO,,SERVICIOS
L´OREAL - APLI AMP LOREAL,L´OREAL,SERVICIOS
TRATAMIENTO TANINO THERAPY SALVATORE,,SERVICIOS
SERVICIOS VARIOS OTROS,,SERVICIOS VARIOS
CARETAS DE PROTECCION,,SERVICIOS VARIOS
KERASTASE - KER BOTANICA FUNDAMENTAL CONDITIONE,KERASTASE,SERVICIOS VARIOS
L´OREAL - DAYERL CAB EQUILIB,L´OREAL,PRODUCTO
KERASTASE - DICIPLINE FONDANT 200ML,KERASTASE,PRODUCTO
LOREAL VITAMINO COLOR 250 ML,,PRODUCTO
KERASTASE BAIN CHROMACAPTIVE 1000 ML,,PRODUCTO
KERASTASE - LOREAL MYTHIC OIL SHAMPOO 750 ML,KERASTASE,PRODUCTO
LOREAL LP MYTHIC OIL SHAMPOO 250 ML,,PRODUCTO
LOREAL SH VITAMINO COLOR 250 ML RENOVACION,,PRODUCTO
LOREAL MYTHIC OIL SHAMPOO 250 ML,,PRODUCTO
KER BAIN SATIN NO 2 250 ML,,PRODUCTO
KER NUT NUTRI THERMIQUE BAIN 1000 ML,,PRODUCTO
L´OREAL - LOREAL SHINE BLONDE 250 ML,L´OREAL,PRODUCTO
TIGI SELF ABSORBED 200 ML,,PRODUCTO
TGI SOME LIKE IT HOT 250ML,,PRODUCTO
TIGI YOUR HIGHNESS,TIGI,PRODUCTO
SHAMPOO TIGI RE ENERGIZE URBAN 250 ML,TIGI,PRODUCTO
TIGI URBAN ANTIT 250ML,TIGI,PRODUCTO
TIGI URBAN ANTITDOTES RESYRRECTION 250ML,TIGI,PRODUCTO
TIGI CURLESQUE CATWALK 250ML,,PRODUCTO
TIGI COLOUR GODDESS 250ML,,PRODUCTO
TIGI HI-DEF-CURLS 250ML,,PRODUCTO
TIGI EXTREM STRAIGHT 250ML,,PRODUCTO
TIGI DUMB BLANDE 250ML,TIGI,PRODUCTO
SHAMPOO TIGI COLOUR GODDES COMBAT 250 ML,TIGI,PRODUCTO
REVLON PROYOU - REVLON SHAMPOO WHITE HAIR PROYOU 350ML,REVLON PROYOU,PRODUCTO
TIGI COLOR SUBLIME 250ML,,PRODUCTO
KERASTASE BAIN OLEO RELAX 250 ML,,PRODUCTO
L´OREAL - LOREAL SHAMPOO PURE RESOURCE 250ML,L´OREAL,PRODUCTO
L´OREAL - SHAMPOO REPARADOR ILUMINADOR PARA CABELLOS RUBIOS,L´OREAL,PRODUCTO
L´OREAL - LOREAL SENCI BALANCE 250 ML,L´OREAL,PRODUCTO
KERASTASE - SHAMPOO RECONSTITUYENTE ANTI FOTO-DESGASTE PARA,KERASTASE,PRODUCTO
L´OREAL - LOREAL AGE DESINFORCE 500ML,L´OREAL,PRODUCTO
KERASTASE - SHAMPOO LUMINOSO 250ML,KERASTASE,PRODUCTO
KERASTASE - SHAMPOO PARA CABELLOS COLOREADOS 1000ML,KERASTASE,PRODUCTO
L´OREAL - SHAMPOO SUAVIZANTE CABELLOS REBELDES 250ML,L´OREAL,PRODUCTO
L´OREAL - SH PURE RESOURCE 250 ML LOREAL,L´OREAL,PRODUCTO
L´OREAL - SHAMPOO PURIFICANTE 1500ML,L´OREAL,PRODUCTO
L´OREAL - OMEGA 6 NUTRI COMPLEX SHAMPOO DENSIFICADOR PARA,L´OREAL,PRODUCTO
L´OREAL - LOREAL INSTANT CLEAR 500 ML,L´OREAL,PRODUCTO
L´OREAL - SHAMPOO PURIFICANTE ANTI-CASPA 250ML,L´OREAL,PRODUCTO
L´OREAL - SHAMPOO ILUMINADOR PARA CABELLOS CON MECHAS 1500ML,L´OREAL,PRODUCTO
L´OREAL - LOREAL FORCE VECTOR 250 ML,L´OREAL,PRODUCTO
L´OREAL - SHAMPOO FIJADOR DE COLOR 250ML,L´OREAL,PRODUCTO
L´OREAL - SHAMPOO FIJADOR DE COLOR 500ML,L´OREAL,PRODUCTO
L´OREAL - SHAMPOO PROTECTOR PARA COLORES DELICADOS 250ML,L´OREAL,PRODUCTO
L´OREAL - SHAMPOO PROTECTOR PARA COLORES DELICADOS 500ML,L´OREAL,PRODUCTO
LOREAL SHAMPOO VITAMINO COLOR 1500 ML RENOVACION,,PRODUCTO
KERASTASE - SHAMPOO TERMO-REACTIVADOR 250ML,KERASTASE,PRODUCTO
KERASTASE - SHAMPO DE ALTA NUTRICION PARA CABELLOS,KERASTASE,PRODUCTO
L´OREAL - LOREAL ABSOLUT REPAIR CELLULAR 250ML,L´OREAL,PRODUCTO
L´OREAL - SHAMPOO REPARADOR CELULAR CABELLOS MUY,L´OREAL,PRODUCTO
KERASTASE - CHAMPU REPARADOR RECONSTRUCTOR P/ CABELLO DANADO,KERASTASE,PRODUCTO
KERASTASE - BAIN FORCE ARCHITECT 100ML,KERASTASE,PRODUCTO
KERASTASE - SHAMPOO PURIFICANTE ANTIFOSFORA 200ML,KERASTASE,PRODUCTO
KERASTASE - EXFOLIANT PURIFIANT 1000ML,KERASTASE,PRODUCTO
KERASTASE - SHAMPOO HIDRATANTE ANTIFOFORA 200ML,KERASTASE,PRODUCTO
KERASTASE - SHAMPOO PERFECCIONADOR DE LUMINOSIDAD PARA CABELOS,KERASTASE,PRODUCTO
KERASTASE - SHAMPOO LUMINOSO PERFECTO 250ML,KERASTASE,PRODUCTO
KERASTASE - SHAMPOO RECONSTRUCTOR DE MATRERIA PARA CABELLOS,KERASTASE,PRODUCTO
KERASTASE - SHAMPOO PROLONGADOR DEL COLOR 1000ML,KERASTASE,PRODUCTO
KERASTASE - SHAMPOO COLOR RADIANTE 250ML,KERASTASE,PRODUCTO
KERASTASE BAIN CRHOMA RICHE 1000 ML,,PRODUCTO
KERASTASE - SHAMPOO INTENSIFICADOR DE BRILLO 200ML,KERASTASE,PRODUCTO
L´OREAL - SHAMPOO NUTRITIVO 250ML,L´OREAL,PRODUCTO
KERASTASE - LP MYTHIC M SHAMPOO 750 ML,KERASTASE,PRODUCTO
L´OREAL - SHAMPOO RESTAURADOR DE QUERATINA PARA CABELLOS,L´OREAL,PRODUCTO
KERASTASE - KER BAIN SATIN 1 250ML,KERASTASE,PRODUCTO
KER NUT BAIN SATIN 1 1000 ML (RENOV.),,PRODUCTO
KERASTASE - EXEPCIONAL SHAMPOO DE NUTRICION 250ML,KERASTASE,PRODUCTO
KER NUT BAIN SATIN 2 1000 ML (RENOVOV.),,PRODUCTO
KERASTASE - KER NUIT LAIT VITAL 1000ML,KERASTASE,PRODUCTO
L´OREAL - SHAMPOO RECONSTRUCTOR INSTANTANEO 250ML,L´OREAL,PRODUCTO
L´OREAL - ACONDICIONADOR RECONSTRUCTOR INSTANTANEO 1500,L´OREAL,PRODUCTO
KERASTASE - BAIN FLUIDEALISTE ANTIFRIZZ,KERASTASE,PRODUCTO
KERASTASE DICIPLINE FONDANT MLT200ML,KERASTASE,PRODUCTO
KERASTASE - DICIPLINE FONDANT MLT 1000ML,KERASTASE,PRODUCTO
KERASTASE - NUT NEW NECTAR THERMIQUE 150ML,KERASTASE,PRODUCTO
KERASTASE - DICIPLINE KERATINE 500ML,KERASTASE,PRODUCTO
KERASTASE - DENSIFIQUE BAIN REMOD. SISTEMOX 250ML,KERASTASE,PRODUCTO
KERASTASE - DENSIFIQUE BAIN REMOD. SISTEMOX 1000ML,KERASTASE,PRODUCTO
KERASTASE - SHAMPOO BALSAMO REGENERADOR DE FIBRA NUEVA P/,KERASTASE,PRODUCTO
KERASTASE - THERAPISTE 450ML,KERASTASE,PRODUCTO
L´OREAL - VITAMINO COLOR A-OX SH 250ML,L´OREAL,PRODUCTO
L´OREAL - VITAMINO COLOR A-OX SH 500ML,L´OREAL,PRODUCTO
KERASTASE - VITAMINO COLOR 1500ML,KERASTASE,PRODUCTO
L´OREAL - VITAMINO COLOR 250ML,L´OREAL,PRODUCTO
L´OREAL - SHAMPOO ILUMINADOR PARA CABELLOS CON MECHAS 250ML,L´OREAL,PRODUCTO
L´OREAL - LOREAL SILVER 250 ML,L´OREAL,PRODUCTO
L´OREAL - SHAMPOO LUMINOSIDAD PARA CABELLOS GRISES Y BLANCOS,L´OREAL,PRODUCTO
L´OREAL - SH SENSI BALANCE 500ML,L´OREAL,PRODUCTO
KERASTASE - SHAMPOO SUAVIZANTE CABELLOS REBELDES 250ML,KERASTASE,PRODUCTO
KERASTASE BAIN RICHE DERMO CALM 250 ML,KERASTASE,PRODUCTO
KERASTASE - REALZA LOS RULOS DEJANDOLOS PERFECTAMENTE DEFINIDOS,KERASTASE,PRODUCTO
KERASTASE - SHAMPOO HIPOALERGENICO PARA CUERO CABELLUDO,KERASTASE,PRODUCTO
KERASTASE - SHAMPOO REGULARIZADOR NORMAL 250ML,KERASTASE,PRODUCTO
KERASTASE - SHAMPOO REGULADOR 250ML,KERASTASE,PRODUCTO
KERASTASE BAIN GOMAGE (GRASO) 250ML,KERASTASE,PRODUCTO
KERASTASE - SHAMPOO SUAVE ANTICASPA PARA CABELLOS SECOS 250ML,KERASTASE,PRODUCTO
KERASTASE - SHAMPOO EQUILIBRANTE 250ML,KERASTASE,PRODUCTO
KERASTASE BAIN DIVALENT 1000 ML,,PRODUCTO
KERASTASE - SHAMPOO NUTRICION COMPLETA PARA CABELLOS NORMALES,KERASTASE,PRODUCTO
KERASTASE - SHAMPOO NUTRICION COMPLETA PARA CABELLOS SECOS 250ML,KERASTASE,PRODUCTO
KERASTASE - MAGISTRAL SOIN N1 MASQUE 500ML,KERASTASE,PRODUCTO
KERASTASE - MAGISTRAL SOIN N2 MASQUE PROTOCOLE 500ML,KERASTASE,PRODUCTO
KERASTASE - MAGISTRAL BAIN 250ML,KERASTASE,PRODUCTO
KERASTASE - MAGISTRAL BAIN 1000ML,KERASTASE,PRODUCTO
KERASTASE - MAGISTRAL FONDANT 200ML,KERASTASE,PRODUCTO
KERASTASE - MAGISTRAL FONDANT 1000ML,KERASTASE,PRODUCTO
KERASTASE - MAGISTRAL SOIN N2 MASQUE 200ML,KERASTASE,PRODUCTO
KERASTASE - MAGISTRAL MASQUE 500ML,KERASTASE,PRODUCTO
KERASTASE - MAGISTRAL CREME BALSAMO 150ML,KERASTASE,PRODUCTO
KERASTASE - KER NUT FLUIDO OLEO RELAX 125ML,KERASTASE,PRODUCTO
KERASTASE - BAIN SATIN 1 150ML,KERASTASE,PRODUCTO
KERASTASE - KER NUT LAIT VITAL 200ML,KERASTASE,PRODUCTO
KERASTASE - NUTRIFIER SHAMPOO 250ML,KERASTASE,PRODUCTO
NUTRIFIER SHAMPOO 1500ML,,PRODUCTO
KERASTASE - BAIN DIVALENT 250ML,KERASTASE,PRODUCTO
KERASTASE - BAIN VITAL DERMO CALM 250ML,KERASTASE,PRODUCTO
KERASTASE - BAIN RICHE DERMO CALM 250ML,KERASTASE,PRODUCTO
KERASTASE - BAIN ANTI DANDRUF 250,KERASTASE,PRODUCTO
KERASTASE - BAIN PELLICULAIRE ANTI DANDRUFF 1000,KERASTASE,PRODUCTO
KERASTASE - ANTI USURE ARCHITECT 250ML,KERASTASE,PRODUCTO
KERASTASE - BAIN FORCE ARCHITECT 250ML,KERASTASE,PRODUCTO
KERASTASE - BAIN CRISTALISTE 250ML,KERASTASE,PRODUCTO
KERASTASE - KER REF BAIN CHROMACAPTIVE 250ML,KERASTASE,PRODUCTO
KERASTASE - BAIN CHROMA RICHE,KERASTASE,PRODUCTO
KERASTASE - FLUIDEALISTE ANTI FRIZZ,KERASTASE,PRODUCTO
KERASTASE - DENSIFIQUE BAIN REMOD 250ML,KERASTASE,PRODUCTO
L´OREAL - SHINE BLONDE,L´OREAL,PRODUCTO
SE VITAMINO COLOR A-OX SHAMPOO 300ML,,PRODUCTO
SE SH LUMINO CONTRAST 300ML,,PRODUCTO
SH PURE RESOURCE 1500ML,,PRODUCTO
TIGI PEARL SHAMPOO 250ML,,PRODUCTO
REVLON DEYERLI CABELLOS EQUILIBRADOS 250ML,REVLON,PRODUCTO
DEYERLI CABELLOS SECOS 250ML,,PRODUCTO
DEYERLI CONTROL Y BRILLO 250ML,,PRODUCTO
ALFA PARF SEMI DI LINO - ILLUMINATING 250ML,,PRODUCTO
CADIVEU - BOSSANOVA 250ML,,PRODUCTO
SALVATORE - SHAMPOO BLOND HAIR,SALVATORE,PRODUCTO
SALVATORE - SHAMPOO CURLY HAIR,SALVATORE,PRODUCTO
SALVATORE - SHAMPOO MOISTURIZER,SALVATORE,PRODUCTO
SALVATORE - SHAMPOO REESTRUCTURING,SALVATORE,PRODUCTO
COLOR METHOD ULTRA VIOLET SHAMPOO ESPECIFICO PARA,,PRODUCTO
ALFAPARF MILANO - ENERGY SHAMPOO 200ML,ALFAPARF MILANO,PRODUCTO
ALFAPARF MILANO - TRATAMIENTO REGENERADOR PROGRESIVO 5 DOSIS,ALFAPARF MILANO,PRODUCTO
ALFAPARF MILANO - SHAMPOO PEARL 250ML,ALFAPARF MILANO,PRODUCTO
ILLUMINATING SHAMPOO 1L,,PRODUCTO
ALFA PARF SEMI DI LINO - COLOR PROTECTION 250ML,,PRODUCTO
REVLON PROYOU - SHAMPOO DETOXIFICANTE Y EQUILIBRANTE 350ML,REVLON PROYOU,PRODUCTO
REVLON PROYOU ANTI-HAIR LOSS 350ML,REVLON PROYOU,PRODUCTO
REVLON PROYOU - SHAMPOO PARA REAVIVAR LOS CABELLOS BLANCOS Y GRISES,REVLON PROYOU,PRODUCTO
REVLON - SHAMPOO HIDRONUTRITIVO 250ML,REVLON,PRODUCTO
REVLON - SHAMPOO DESENREDANTE 250ML,REVLON,PRODUCTO
REVLON - 45 DAYS 2 EN 1 TOTAL COLOR CARE 275ML REDS,REVLON,PRODUCTO
REVLON - 45 DAYS 2 EN 1 TOTAL COLOR CARE 275ML ROSA,REVLON,PRODUCTO
REVLON - 45 DAYS 2 EN 1 TOTAL COLOR CARE 275ML INTENSE COPPERS,REVLON,PRODUCTO
REVLON - 45 DAYS 2 EN 1 TOTAL COLOR CARE 275ML DARK,REVLON,PRODUCTO
REVLON - 45 DAYS 2 EN 1 TOTAL COLOR CARE 275ML SENSUAL BRUNETTES,REVLON,PRODUCTO
REVLON - PROYOU WHITE HAIR 350ML,REVLON,PRODUCTO
REVLON - SHAMPOO DERMO-CALMANTE 250ML,REVLON,PRODUCTO
REVLON - SHAMPOO PROTECTOR DE COLOR 250ML,REVLON,PRODUCTO
REVLON - SHAMPOO PROTECTOR DEL COLOR 1250ML,REVLON,PRODUCTO
ARUAL - TRATANTE CON KERATINA Y ELASTINA 200ML,ARUAL,PRODUCTO
L´OREAL - LOREAL MYTHIC OIL SHAMPOO 250 ML,L´OREAL,PRODUCTO
L´OREAL - SHAMPOO COLOR CLEAR P/ BRILLO,L´OREAL,PRODUCTO
L´OREAL - RUBIO DORADO INTENSO 7.30,L´OREAL,PRODUCTO
L´OREAL - MARRON TE HELADO 6.35,L´OREAL,PRODUCTO
L´OREAL - MILK SHAKE GLASEADO 9.01,L´OREAL,PRODUCTO
L´OREAL - RUBIO OSCURO DORADO 6.3,L´OREAL,PRODUCTO
L´OREAL - CASTANO CLARO 5,L´OREAL,PRODUCTO
L´OREAL - NEGRO AZULADO 2.10,L´OREAL,PRODUCTO
L´OREAL - MIEL NATURAL 7.13,L´OREAL,PRODUCTO
L´OREAL - TERRACOTA 7.35,L´OREAL,PRODUCTO
L´OREAL - CASTANO CLARO NATURAL MATE 5.07,L´OREAL,PRODUCTO
L´OREAL - MOKA LATE 7.8,L´OREAL,PRODUCTO
WELLA - CASTANO OSCURO 3/0,WELLA,PRODUCTO
WELLA - CASTANO MEDIANO 4/0,WELLA,PRODUCTO
WELLA - RUBIO CLARO 8/0,WELLA,PRODUCTO
WELLA - RUBIO EXTRA CLARO NATURAZ CENIZA 9/01,WELLA,PRODUCTO
WELLA - RUBIO OSCURO INTENSO ROJO CAOBA 66/45,WELLA,PRODUCTO
REVLON - RUBIO OSCURO 6.64,REVLON,PRODUCTO
REVLON - CASTANO MEDIO 4.31,REVLON,PRODUCTO
REVLON - CASTANO CLARO ROJO IRISADO 5.62,REVLON,PRODUCTO
REVLON - RUBIO CLARO 8.42,REVLON,PRODUCTO
REVLON - RUBIO CLARO COBRIZO 7.44,REVLON,PRODUCTO
REVLON - BORGONA PROFUNDO 2.20,REVLON,PRODUCTO
REVLON - RUBIO COBRIZO DORADO 7.43,REVLON,PRODUCTO
REVLON - RUBIO ROJO COBRIZO 7.64,REVLON,PRODUCTO
REVLON - CASTANO CLARO ROJO COBRIZO 5.64,REVLON,PRODUCTO
REVLON - CASTANO OSCURO ROJIZO IRIZE,REVLON,PRODUCTO
REVLON - CASTANO MEDIO DORADO 4.3,REVLON,PRODUCTO
REVLON - RUBIO OSCURO DORADO 6.3,REVLON,PRODUCTO
DIA RICHESE 7.13,,PRODUCTO
L´OREAL - NEGRO 1,L´OREAL,PRODUCTO
L´OREAL - CASTANO OSCURO 3,L´OREAL,PRODUCTO
L´OREAL - CASTANO 4,L´OREAL,PRODUCTO
L´OREAL - RUBIO OSCURO 6,L´OREAL,PRODUCTO
L´OREAL - RUBIO 7,L´OREAL,PRODUCTO
L´OREAL - RUBIO CLARO 8,L´OREAL,PRODUCTO
L´OREAL - BEIGE DORADO 8.31,L´OREAL,PRODUCTO
L´OREAL - MARRON CAFE 5.32,L´OREAL,PRODUCTO
L´OREAL - MARRON FIELTRO 6.13,L´OREAL,PRODUCTO
L´OREAL - MILK SHAKE NACARADO 9.02,L´OREAL,PRODUCTO
L´OREAL - RUBIO CLARO 9.13,L´OREAL,PRODUCTO
NEGRO 1 INOVACION NO,,PRODUCTO
RUBIO PLATINO 10 INOVACION NO,,PRODUCTO
MORENO 2 INOVACION NO,,PRODUCTO
INOA 3 INOVACION NO,,PRODUCTO
CASTANO 4 INOVACION NO,,PRODUCTO
3 INOVACION NO" - "CASTANO DORADO 4,3 INOVACION NO",
35" - "CASTANO DORADO CAOBA 4,35",
51 INOVACION NO" - "CASTANO CAOBA CENIZA 4,51 INOVACION NO",
CASTANO CLARO 5 INOVACION NO,,PRODUCTO
12 INOVACION NO" - "CASTANO CLARO CENIZA IRISADO 5,12 INOVACION NO",
CASTANO CLARO DORADO 5.3 INOVACION NO,,PRODUCTO
CASTANO CLARO DORADO IRISADO,,PRODUCTO
35 INOVACION NO" - "CASTANO CLARO DORADO CAOBA 5,35 INOVACION NO",
RUBIO OSCURO 6,,PRODUCTO
RUBIO OSCURO CENIZA 6.1 INOVACION NO,,PRODUCTO
23 INOVACION NO" - "RUBIO OSCURO IRISADO DORADO 6,23 INOVACION NO",
3 INOVACION NO" - "RUBIO OSCURO DORADO 6,3 INOVACION NO",
34 INOVACION NO" - "RUBIO OSCURO DORADO COBRIZO 6,34 INOVACION NO",
RUBIO 7 INOVACION NO,,PRODUCTO
1 INOVACION NO" - "RUBIO CENIZA 7,1 INOVACION NO",
13 INOVACION NO" - "RUBIO CENIZA DORADO 7,13 INOVACION NO",
23 INOVACION NO" - "RUBIO IRISADO DORADO 7,23 INOVACION NO",
3 INOVACION NO" - "RUBIO DORADO 7,3 INOVACION NO",
35 INOVACION NO" - "RUBIO DORADO CAOBA 7,35 INOVACION NO",
RUBIO CLARO 8 INOVACION NO,,PRODUCTO
1 INOVACION NO" - "RUBIO CLARO CENIZA 8,1 INOVACION NO",
INOA 8.3 INOVACION NO,,PRODUCTO
31 INOVACION NO" - "RUBIO CLARO DORADO CENIZA 8,31 INOVACION NO",
RUBIO MUY CLARO 9 INOVACION NO,,PRODUCTO
13 INOVACION NO" - "RUBIO MUY CLARO CENIZA DORADO 9,13 INOVACION NO",
2 INOVACION NO" - "RUBIO MUY CLARO IRISADO 9,2 INOVACION NO",
3 INOVACION NO" - "RUBIO MUY CLARO DORADO 9,3 INOVACION NO",
L´OREAL - DIA LIHT 10.12,L´OREAL,PRODUCTO
L´OREAL - RUBIO CLARO 7.23,L´OREAL,PRODUCTO
L´OREAL - MARRON GIANDUJA 6.23,L´OREAL,PRODUCTO
13 INOVACION NO" - "RUBIO CLARO CENIZA DORADO 8,13 INOVACION NO",
1 INOVACION NO" - "RUBIO MUY CLARO CENIZA 9,1 INOVACION NO",
L´OREAL - BEIGE CENIZA 8.13,L´OREAL,PRODUCTO
L´OREAL - MILKSHAKE CENIZA PROFUNDO 9.11,L´OREAL,PRODUCTO
L´OREAL - SHAMPOO PRO KERATIN REFILL 1500ML,L´OREAL,PRODUCTO
L´OREAL - MOKA CARAMELO 6.8,L´OREAL,PRODUCTO
L´OREAL - RUBIO MUY CLARO 9,L´OREAL,PRODUCTO
L´OREAL - RUBIO CLARO FUNDAMENTAL DORADO 8.3,L´OREAL,PRODUCTO
L´OREAL - CASTANO MOKA 4.8,L´OREAL,PRODUCTO
L´OREAL - CASTANO CLARO MOKA 5.8,L´OREAL,PRODUCTO
8" - "RUBIO MOKA 7,8",L´OREAL
L´OREAL - RUBIO CLARO MOCCA 8.8,L´OREAL,PRODUCTO
L´OREAL - RUBIO OSCURO CENIZA 6.1,L´OREAL,PRODUCTO
L´OREAL - RUBIO CENIZA 7.1,L´OREAL,PRODUCTO
L´OREAL - RUBIO CLARO CENIZA 8.1,L´OREAL,PRODUCTO
L´OREAL - COOL COVER 9.1,L´OREAL,PRODUCTO
11" - "RUBIO OSCURO CENIZA PROFUNDO 6,11",L´OREAL
L´OREAL - RUBIO CENIZA PROFUNDO 7.11,L´OREAL,PRODUCTO
11" - "RUBIO CLARO CENIZA PROFUNDO 8,11",L´OREAL
L´OREAL - RUBIO MUY CLARO CENIZA PROFUNDO 9.11,L´OREAL,PRODUCTO
L´OREAL - RUBIO OSCURO CENIZA FRIO 6.17,L´OREAL,PRODUCTO
L´OREAL - RUBIO CENIZA FRIO 7.17,L´OREAL,PRODUCTO
L´OREAL - BLUSH BLOND B14 7.12,L´OREAL,PRODUCTO
L´OREAL - BLUSH BLOND B14 9.21,L´OREAL,PRODUCTO
66" - "RUBIO OSCURO ROJO PROFUNDO C6,66",L´OREAL
60" - "CASTANO CLARO ROJO INTENSO C5,60",L´OREAL
L´OREAL - HIGH LIFT NEUTRAL,L´OREAL,PRODUCTO
L´OREAL - HIGH LIFT ASH CENIZA,L´OREAL,PRODUCTO
L´OREAL - HIGH LIFT ASH + CENIZA OSCURO,L´OREAL,PRODUCTO
L´OREAL - HIGH LIFT VIOLETA,L´OREAL,PRODUCTO
L´OREAL - HIGH LIFT BEIGE,L´OREAL,PRODUCTO
MYTHIC OIL SHAMPOO P/ CABELLOS GRUESOS,,PRODUCTO
ABVSOLUT REPAIR LIPIDIUM SERUM 50ML,,PRODUCTO
VITAMINO COLOR A-OX SH 1500ML,,PRODUCTO
VITAMINO COLOR 250ML,,PRODUCTO
MAJIREL METAL 11 50ML,,PRODUCTO
MAJIREL METAL 13 50ML,,PRODUCTO
MAJIREL METAL 21 50ML,,PRODUCTO
DIA LIGTH CENDRE 7.00 RUBIO CENIZA,,PRODUCTO
REVLON - CASTANO CLARO PERLADO 5.12,REVLON,PRODUCTO
REVLON - NEGRO AZULADO 2.10,REVLON,PRODUCTO
REVLON - RUBIO COBRIZO PROFUNDO 7.44,REVLON,PRODUCTO
REVLON - RUBIO CLARO COBRIZO 8.4,REVLON,PRODUCTO
REVLON - RUBIO OSCURO COBRIZO 6.4,REVLON,PRODUCTO
REVLON - RUBIO ROJIZO INTENSO 7.60,REVLON,PRODUCTO
REVLON - RUBIO OSCURO ROJIZO CAOBA 6.65,REVLON,PRODUCTO
REVLON - CASTANO CAOBA 4.5,REVLON,PRODUCTO
REVLON - RUBIO OSCURO BEIGE 6.31,REVLON,PRODUCTO
REVLON - RUBIO CLARO BEIGE 8.31,REVLON,PRODUCTO
REVLON - RUBIO MUY CLARO IRISADO 9.2,REVLON,PRODUCTO
REVLON - CASTANO C. CENIZA 5.1,REVLON,PRODUCTO
REVLON - RUBIO OSCURO CENIZA 6.1,REVLON,PRODUCTO
REVLON - RUBIO OSCURO PERLADO 6.12,REVLON,PRODUCTO
REVLON - CASTANO MARRON PROFUND. 4.41,REVLON,PRODUCTO
REVLON - RUBIO MUY CLARO 9SN,REVLON,PRODUCTO
REVLON - RUBIO OSCURO ROJO COBRIZO 6.64,REVLON,PRODUCTO
REVLON - CASTANO CLARO DORAD0 5.3,REVLON,PRODUCTO
REVLON - RUBIO DORADO 7.3,REVLON,PRODUCTO
REVLON - RUBIO CLARO CENIZA NATURAL 10.01,REVLON,PRODUCTO
REVLON - RUBIO M. C. DOR. NAC. 9.32,REVLON,PRODUCTO
REVLON - RUBIO CLARO PERLADO COBRIZO 8.24,REVLON,PRODUCTO
REVLON - CASTANO CLARO DORADO PROFUNDO 5.33,REVLON,PRODUCTO
REVLON - RUBIO OSCURO DORADO PROFUNDO 6.33,REVLON,PRODUCTO
REVLON - RUBIO DORADO PROFUNDO 7.33,REVLON,PRODUCTO
REVLON - NEGRO 1,REVLON,PRODUCTO
REVLON - CASTANO CLARO 5,REVLON,PRODUCTO
REVLON - RUBIO OSCURO 6,REVLON,PRODUCTO
REVLON - RUBIO 7,REVLON,PRODUCTO
REVLON - RUBIO CLARO 8,REVLON,PRODUCTO
REVLON - RUBIO MUY CLARO 9,REVLON,PRODUCTO
REVLON - RUBIO CLARISIMO 10,REVLON,PRODUCTO
REVLON - CASTANO CLARO 5SN,REVLON,PRODUCTO
REVLON - RUBIO OSCURO 6SN,REVLON,PRODUCTO
REVLON - RUBIO 7SN,REVLON,PRODUCTO
REVLON - RUBIO CENIZA 7.1,REVLON,PRODUCTO
REVLON - RUBIO CLARO 8SN,REVLON,PRODUCTO
REVLON - RUBIO CLARO DORADO 8.3,REVLON,PRODUCTO
REVLON - RUBIO MUY CLARO DORADO 9.3,REVLON,PRODUCTO
REVLON - CASTANO CLARO BORGONA 5.20,REVLON,PRODUCTO
REVLON - CASTANO CLARO PERLADO COBRIZO 5.24,REVLON,PRODUCTO
REVLON - CASTANO CLARO DORADO COBRIZO 5.34,REVLON,PRODUCTO
REVLON - CASTANO CLARO MARRON PROFUNDO 5.41,REVLON,PRODUCTO
REVLON - CASTANO CLARO ROJO CAOBA 5.64,REVLON,PRODUCTO
REVLON - CASTANO CLARO ROJIZO CAOBA 5.65,REVLON,PRODUCTO
REVLON - RUBIO OSCURO MARRON ESCARCHADO 6.14,REVLON,PRODUCTO
REVLON - RUBIO OSCURO PERLADO COBRIZO 6.24,REVLON,PRODUCTO
REVLON - RUBIO OSCURO DORADO COBRIZO 6.34,REVLON,PRODUCTO
REVLON - RUBIO OSCURO MARRON 6.41,REVLON,PRODUCTO
REVLON - RUBIO OSCURO ROJO PROFUNDO 6.66,REVLON,PRODUCTO
REVLON - RUBIO CENIZA NATURAL 7.01,REVLON,PRODUCTO
REVLON - RUBIO MARROM ESCARCHADO 7.14,REVLON,PRODUCTO
REVLON - RUBIO PERLADO COBRIZO 7.24,REVLON,PRODUCTO
REVLON - RUBIO BEIGE 7.31,REVLON,PRODUCTO
REVLON - RUBIO DORADO NACARADO 7.32,REVLON,PRODUCTO
REVLON - RUBIO DORADO COBRIZO 7.34,REVLON,PRODUCTO
REVLON - RUBIO AVELLANA 7.41,REVLON,PRODUCTO
REVLON - RUBIO CLARO CENIZA NATURAL 8.01,REVLON,PRODUCTO
REVLON - RUBIO CLARO DORADO COBRIZO 8.34,REVLON,PRODUCTO
REVLON - RUBIO CLARO COBRIZO CAOBA 8.45,REVLON,PRODUCTO
REVLON - RUBIO MUY CLARO CENIZA NATURAL 9.01,REVLON,PRODUCTO
REVLON - RUBIO MUY CLARO BEIGE 9.31,REVLON,PRODUCTO
REVLON - ROJO OSCURO INTENSO 55.60,REVLON,PRODUCTO
REVLON - ROJO COBRIZO INTENSO 66.64,REVLON,PRODUCTO
RP COLORMESTIQUE 6.41,,PRODUCTO
REVLON - MAJIREL 8.34,REVLON,PRODUCTO
REVLON - MAJIREL 8.3,REVLON,PRODUCTO
MAJIREL 8.2,,PRODUCTO
L´OREAL - MAJIREL 6.45,L´OREAL,PRODUCTO
MAJIREL 6,,PRODUCTO
SILKEY PROFESIONAL - RUBIO OSCURO NATURAL 6,SILKEY PROFESIONAL,PRODUCTO
SILKEY PROFESIONAL - RUBIO MEDIANO NATURAL 7,SILKEY PROFESIONAL,PRODUCTO
SILKEY PROFESIONAL - RUBIO CLARO NATURAL 8,SILKEY PROFESIONAL,PRODUCTO
SILKEY PROFESIONAL - RUBIO EXTRA CLARO NATURAL 9,SILKEY PROFESIONAL,PRODUCTO
SILKEY PROFESIONAL - NATURAL EXTRA ACLARANTE 1000,SILKEY PROFESIONAL,PRODUCTO
SILKEY PROFESIONAL - CENIZA EXTRA ACLARANTE 1010,SILKEY PROFESIONAL,PRODUCTO
SILKEY PROFESIONAL - RUBIO EXTRA CLARO 9.33,SILKEY PROFESIONAL,PRODUCTO
SILKEY PROFESIONAL - RUBIO OSCURO 6.41,SILKEY PROFESIONAL,PRODUCTO
32" - "DORADO IRISADO 5,32",REVLON
32" - "RUBIO OSCURO DORADO IRISADO 6,32",REVLON
23" - "RUBIO OSCURO IRISADO DORADO 6,23",L´OREAL
L´OREAL - CASTANO CLARO DORADO 5.3,L´OREAL,PRODUCTO
L´OREAL - AGUA OXIGENADA 20VOL,L´OREAL,PRODUCTO
0" - "CASTANO CLARO PROFUNDO 5,0",L´OREAL
0" - "RUBIO OSCURO PROFUNDO 6,0",REVLON
0" - "RUBIO PROFUNDO 7,0",REVLON
0" - "RUBIO CLARO PROFUNDO 8,0",REVLON
0" - "RUBIO MUY CLARO PROFUNDO 9,0",REVLON
07" - "RUBIO OSCURO NATURAL FRIO 6,07",L´OREAL
L´OREAL - RUBIO NATURAL FRIO 7.07,L´OREAL,PRODUCTO
L´OREAL - RUBIO CLARO NATURAL FRIO 8.07,L´OREAL,PRODUCTO
11" - "CASTANO CLARO CENIZA PROFUNDO 5,11",L´OREAL
1" - "RUBIO OSCURO CENIZA 6,1",L´OREAL
1" - "RUBIO CENIZA 7,1",L´OREAL
11" - "RUBIO CENIZA PROFUNDO 7,11",L´OREAL
2" - "RUBIO IRISADO 7,2",REVLON
1" - "RUBIO CLARO CENIZA 8,1",L´OREAL
1" - "RUBIO MUY CLARO CENIZA 9,1",L´OREAL
13" - "RUBIO MUY CLARO CENIZA DORADO 9,13",REVLON
REVLON - RUBIO MUY MUY CLARO 10,REVLON,PRODUCTO
1" - "RUBIO MUY MUY CLARO CENIZA 10,1",L´OREAL
13" - "RUBIO MUY MUY CLARO CENIZA DORADO 10,13",REVLON
23" - "RUBIO IRISADO DORADO 7,23",REVLON
2" - "RUBIO CLARO IRISADO 8,2",REVLON
31" - "CASTANO CLARO DORADO CENIZA 5,31",REVLON
5" - "CASTANO CLARO CAOBA 5,5",REVLON
3" - "RUBIO OSCURO DORADO 6,3",L´OREAL
34" - "RUBIO OSCURO DORADO COBRIZO 6,34",L´OREAL
41" - "RUBIO OSCURO COBRIZO CENIZA 6,41",REVLON
45" - "RUBIO OSCURO COBRIZO CAOBA 6,45",L´OREAL
3" - "RUBIO DORADO 7,3",L´OREAL
31" - "RUBIO DORADO CENIZA 7,31",REVLON
4" - "RUBIO COBRIZO 7,4",L´OREAL
L´OREAL - RUBIO CLARO DORADO COBRIZO 8.34,L´OREAL,PRODUCTO
31" - "RUBIO MUY CLARO DORADO CENIZA 9,31",REVLON
13" - "RUBIO OSCURO CENIZA DORADO 6,13",REVLON
13" - "RUBIO CENIZA DORADO 7,13",REVLON
ALFAPARF MILANO - EVOLUTION 10NB RUBIO EXTRA CLARO,ALFAPARF MILANO,PRODUCTO
REVLON - CASTANO CLARO MARRON ESCARCHADO 5.14,REVLON,PRODUCTO
REVLON - RUBIO BEIGE PERLADO 7.12,REVLON,PRODUCTO
DESCUENTO,,PRODUCTO
HEBILLITAS,,PRODUCTO
BAR,,PRODUCTO
BIJOU OTROS,,PRODUCTO
PROPINA,,PRODUCTO
SHAMPOO LOREAL PARIS 50 ML,,PRODUCTO
XTREME WEAR PUCKER UP,,PRODUCTO
BIJU,,PRODUCTO
SECADOR,,PRODUCTO
COLOR METHOD QUITAMANCHAS 250ML,,PRODUCTO
